Chandigarh,Chandigarh,Kumbra,140308,Nizampur Kumbra
Chandigarh,Chandigarh,Babhat,140603,Bhabhat
Chandigarh,Chandigarh,Kuda Jassu,140901,Khuda Jassu
Chandigarh,Chandigarh,Mullanpur,140901,Khuda Jassu
Chandigarh,Chandigarh,Mullanpur,140901,Lahora
Chandigarh,Chandigarh,Mullanpur,140901,Sarangpur
Chandigarh,Chandigarh,New Sectt Chandigarh,160001,Chandigarh
Chandigarh,Chandigarh,High Court (Chandigarh),160001,Chandigarh
Chandigarh,Chandigarh,Vidhansadan,160001,Chandigarh
Chandigarh,Chandigarh,Hallomajra,160002,Bair Majra
Chandigarh,Chandigarh,Ram Darbar,160002,Chandigarh
Chandigarh,Chandigarh,Ind Area Chandigarh,160002,Chandigarh
Chandigarh,Chandigarh,Hallomajra,160002,Hallo Majra
Chandigarh,Chandigarh,Behlana,160003,Raipur Khurd
Chandigarh,Chandigarh,Aerodrome,160003,Chandigarh
Chandigarh,Chandigarh,Behlana,160003,Behlana
Chandigarh,Chandigarh,Airforce Highground,160004,Chandigarh
Chandigarh,Chandigarh,Sector 9 (Chandigarh),160009,Chandigarh
Chandigarh,Chandigarh,Sector 8 (Chandgarh),160009,Chandigarh
Chandigarh,Chandigarh,Sector 10 (Chandigarh),160011,Chandigarh
Chandigarh,Chandigarh,Sector 11 (Chandigarh),160011,Chandigarh
Chandigarh,Chandigarh,Engg College,160012,Chandigarh
Chandigarh,Chandigarh,Sector 12 (Chandigarh),160012,Chandigarh
Chandigarh,Chandigarh,Dadu Majra Colony,160014,Dadu Majra
Chandigarh,Chandigarh,Sector 14 (Chandigarh),160014,Dhanas
Chandigarh,Chandigarh,Sector 14 (Chandigarh),160014,Dadu Majra
Chandigarh,Chandigarh,Dhanas,160014,Dhanas
Chandigarh,Chandigarh,Sector 14 (Chandigarh),160014,Chandigarh
Chandigarh,Chandigarh,Sector 16 (Chandigarh),160015,Chandigarh
Chandigarh,Chandigarh,Sector 15 Chandigarh,160015,Chandigarh
Chandigarh,Chandigarh,Chandigarh G.P.O,160017,Chandigarh
Chandigarh,Chandigarh,Govt Press Chandigarh,160018,Chandigarh
Chandigarh,Chandigarh,Sector 18 (Chandigarh),160018,Chandigarh
Chandigarh,Chandigarh,Sector 27 (Chandigarh)S.O,160019,Chandigarh
Chandigarh,Chandigarh,Raj Bhawan (Chandigarh),160019,Chandigarh
Chandigarh,Chandigarh,Sector 19 (Chandigarh),160019,Chandigarh
Chandigarh,Chandigarh,Sector 26 (Chandigarh),160019,Chandigarh
Chandigarh,Chandigarh,Sector 20 (Chandigarh),160020,Chandigarh
Chandigarh,Chandigarh,Sector 22 (Chandigarh),160022,Chandigarh
Chandigarh,Chandigarh,Sector 34 (Chandigarh),160022,Chandigarh
Chandigarh,Chandigarh,Sector 35 (Chandigarh),160022,Chandigarh
Chandigarh,Chandigarh,Sector 21 (Chandigarh),160022,Chandigarh
Chandigarh,Chandigarh,Sector 23 (Chandigarh),160023,Chandigarh
Chandigarh,Chandigarh,Maloya Colony,160025,Maloya
Chandigarh,Chandigarh,Sector 30 (Chandigarh),160030,Chandigarh
Chandigarh,Chandigarh,Sector 29 (Chandigarh),160030,Chandigarh
Chandigarh,Chandigarh,Sector 31 (Chandigarh),160030,Chandigarh
Chandigarh,Chandigarh,Sector 40 (Chandigarh),160036,Chandigarh
Chandigarh,Chandigarh,Badheri,160036,Chandigarh
Chandigarh,Chandigarh,Sector 36 (Chandigarh),160036,Chandigarh
Chandigarh,Chandigarh,Badheri,160036,Kujheri
Chandigarh,Chandigarh,District Court Sector-43 Chandigar,160043,Chandigarh
Chandigarh,Chandigarh,Sector 47 Chandigarh,160047,Chandigarh
Chandigarh,Chandigarh,Sector 44 (Chandigarh),160047,Chandigarh
Chandigarh,Chandigarh,Sector 47 Chandigarh,160047,Burail ?
Chandigarh,Chandigarh,Burail,160047,Chandigarh
Chandigarh,Chandigarh,Chandigarh Sector 55,160055,Palsaura
Chandigarh,Chandigarh,Manimajra,160101,Mani Majra (R)
Chandigarh,Chandigarh,Kishangarh,160101,BHAGWANPURA
Chandigarh,Chandigarh,Daria,160101,MAKHAN MAJRA
Chandigarh,Chandigarh,Mhc Manimajra,160101,Chandigarh
Chandigarh,Chandigarh,Daria,160101,Daria
Chandigarh,Chandigarh,Kishangarh,160101,Kishangarh
Chandigarh,Chandigarh,Mauli Jagran,160102,Mauli Jagran
Chandigarh,Chandigarh,Raipur Kalan,160102,Raipur Kalan
Chandigarh,Chandigarh,Mauli Jagran,160102,Raipur Kalan
Chandigarh,Chandigarh,Naya Gaon (Mohali),160103,Khuda Alisher
Chandigarh,Chandigarh,Naya Gaon (Mohali),160103,Kaimbwala
Chandigarh,Chandigarh,Kumbra,140308,Nizampur Kumbra
Chandigarh,Chandigarh,Babhat,140603,Bhabhat
Chandigarh,Chandigarh,Kuda Jassu,140901,Khuda Jassu
Chandigarh,Chandigarh,Mullanpur,140901,Khuda Jassu
Chandigarh,Chandigarh,Mullanpur,140901,Lahora
Chandigarh,Chandigarh,Mullanpur,140901,Sarangpur
Chandigarh,Chandigarh,New Sectt Chandigarh,160001,Chandigarh
Chandigarh,Chandigarh,High Court (Chandigarh),160001,Chandigarh
Chandigarh,Chandigarh,Vidhansadan,160001,Chandigarh
Chandigarh,Chandigarh,Hallomajra,160002,Bair Majra
Chandigarh,Chandigarh,Ram Darbar,160002,Chandigarh
Chandigarh,Chandigarh,Ind Area Chandigarh,160002,Chandigarh
Chandigarh,Chandigarh,Hallomajra,160002,Hallo Majra
Chandigarh,Chandigarh,Behlana,160003,Raipur Khurd
Chandigarh,Chandigarh,Aerodrome,160003,Chandigarh
Chandigarh,Chandigarh,Behlana,160003,Behlana
Chandigarh,Chandigarh,Airforce Highground,160004,Chandigarh
Chandigarh,Chandigarh,Sector 9 (Chandigarh),160009,Chandigarh
Chandigarh,Chandigarh,Sector 8 (Chandgarh),160009,Chandigarh
Chandigarh,Chandigarh,Sector 10 (Chandigarh),160011,Chandigarh
Chandigarh,Chandigarh,Sector 11 (Chandigarh),160011,Chandigarh
Chandigarh,Chandigarh,Engg College,160012,Chandigarh
Chandigarh,Chandigarh,Sector 12 (Chandigarh),160012,Chandigarh
Chandigarh,Chandigarh,Dadu Majra Colony,160014,Dadu Majra
Chandigarh,Chandigarh,Sector 14 (Chandigarh),160014,Dhanas
Chandigarh,Chandigarh,Sector 14 (Chandigarh),160014,Dadu Majra
Chandigarh,Chandigarh,Dhanas,160014,Dhanas
Chandigarh,Chandigarh,Sector 14 (Chandigarh),160014,Chandigarh
Chandigarh,Chandigarh,Sector 16 (Chandigarh),160015,Chandigarh
Chandigarh,Chandigarh,Sector 15 Chandigarh,160015,Chandigarh
Chandigarh,Chandigarh,Chandigarh G.P.O,160017,Chandigarh
Chandigarh,Chandigarh,Govt Press Chandigarh,160018,Chandigarh
Chandigarh,Chandigarh,Sector 18 (Chandigarh),160018,Chandigarh
Chandigarh,Chandigarh,Sector 27 (Chandigarh)S.O,160019,Chandigarh
Chandigarh,Chandigarh,Raj Bhawan (Chandigarh),160019,Chandigarh
Chandigarh,Chandigarh,Sector 19 (Chandigarh),160019,Chandigarh
Chandigarh,Chandigarh,Sector 26 (Chandigarh),160019,Chandigarh
Chandigarh,Chandigarh,Sector 20 (Chandigarh),160020,Chandigarh
Chandigarh,Chandigarh,Sector 22 (Chandigarh),160022,Chandigarh
Chandigarh,Chandigarh,Sector 34 (Chandigarh),160022,Chandigarh
Chandigarh,Chandigarh,Sector 35 (Chandigarh),160022,Chandigarh
Chandigarh,Chandigarh,Sector 21 (Chandigarh),160022,Chandigarh
Chandigarh,Chandigarh,Sector 23 (Chandigarh),160023,Chandigarh
Chandigarh,Chandigarh,Maloya Colony,160025,Maloya
Chandigarh,Chandigarh,Sector 30 (Chandigarh),160030,Chandigarh
Chandigarh,Chandigarh,Sector 29 (Chandigarh),160030,Chandigarh
Chandigarh,Chandigarh,Sector 31 (Chandigarh),160030,Chandigarh
Chandigarh,Chandigarh,Sector 40 (Chandigarh),160036,Chandigarh
Chandigarh,Chandigarh,Badheri,160036,Chandigarh
Chandigarh,Chandigarh,Sector 36 (Chandigarh),160036,Chandigarh
Chandigarh,Chandigarh,Badheri,160036,Kujheri
Chandigarh,Chandigarh,District Court Sector-43 Chandigar,160043,Chandigarh
Chandigarh,Chandigarh,Sector 47 Chandigarh,160047,Chandigarh
Chandigarh,Chandigarh,Sector 44 (Chandigarh),160047,Chandigarh
Chandigarh,Chandigarh,Sector 47 Chandigarh,160047,Burail ?
Chandigarh,Chandigarh,Burail,160047,Chandigarh
Chandigarh,Chandigarh,Chandigarh Sector 55,160055,Palsaura
Chandigarh,Chandigarh,Manimajra,160101,Mani Majra (R)
Chandigarh,Chandigarh,Kishangarh,160101,BHAGWANPURA
Chandigarh,Chandigarh,Daria,160101,MAKHAN MAJRA
Chandigarh,Chandigarh,Mhc Manimajra,160101,Chandigarh
Chandigarh,Chandigarh,Daria,160101,Daria
Chandigarh,Chandigarh,Kishangarh,160101,Kishangarh
Chandigarh,Chandigarh,Mauli Jagran,160102,Mauli Jagran
Chandigarh,Chandigarh,Raipur Kalan,160102,Raipur Kalan
Chandigarh,Chandigarh,Mauli Jagran,160102,Raipur Kalan
Chandigarh,Chandigarh,Naya Gaon (Mohali),160103,Khuda Alisher
Chandigarh,Chandigarh,Naya Gaon (Mohali),160103,Kaimbwala