Dadra Nagar Haveli,Dadra Nagar Haveli,Dadra,396193,Dadra
Dadra Nagar Haveli,Dadra Nagar Haveli,Bedpa,396230,Dadra & Nagar Haveli
Dadra Nagar Haveli,Dadra Nagar Haveli,Kilvani,396230,Dadra & Nagar Haveli
Dadra Nagar Haveli,Dadra Nagar Haveli,Chisda,396230,Dadra & Nagar Haveli
Dadra Nagar Haveli,Dadra Nagar Haveli,Masat,396230,Dadra & Nagar Haveli
Dadra Nagar Haveli,Dadra Nagar Haveli,Silvassa,396230,Dadra & Nagar Haveli
Dadra Nagar Haveli,Dadra Nagar Haveli,Karachgam,396230,Dadra & Nagar Haveli
Dadra Nagar Haveli,Dadra Nagar Haveli,Samarvarni,396230,Dadra & Nagar Haveli
Dadra Nagar Haveli,Dadra Nagar Haveli,Sili,396230,Dadra & Nagar Haveli
Dadra Nagar Haveli,Dadra Nagar Haveli,Sindoni,396230,Dadra & Nagar Haveli
Dadra Nagar Haveli,Dadra Nagar Haveli,Rudana,396230,Dadra & Nagar Haveli
Dadra Nagar Haveli,Dadra Nagar Haveli,Velugam,396230,Dadra & Nagar Haveli
Dadra Nagar Haveli,Dadra Nagar Haveli,Amli,396230,Dadra & Nagar Haveli
Dadra Nagar Haveli,Dadra Nagar Haveli,Bonta,396230,Dadra & Nagar Haveli
Dadra Nagar Haveli,Dadra Nagar Haveli,Mandoni,396230,Dadra & Nagar Haveli
Dadra Nagar Haveli,Dadra Nagar Haveli,Umarkui,396230,Dadra & Nagar Haveli
Dadra Nagar Haveli,Dadra Nagar Haveli,Parzai,396230,Dadra & Nagar Haveli
Dadra Nagar Haveli,Dadra Nagar Haveli,Athola,396230,Dadra & Nagar Haveli
Dadra Nagar Haveli,Dadra Nagar Haveli,Khanvel,396230,Dadra & Nagar Haveli
Dadra Nagar Haveli,Dadra Nagar Haveli,Naroli,396235,Naroli
Dadra Nagar Haveli,Dadra Nagar Haveli,Athal,396235,Naroli
Dadra Nagar Haveli,Dadra Nagar Haveli,Kharadpada,396235,Naroli
Dadra Nagar Haveli,Dadra Nagar Haveli,Saily,396240,Karad
Dadra Nagar Haveli,Dadra Nagar Haveli,Chikhli,396240,Karad
Dadra Nagar Haveli,Dadra Nagar Haveli,Dapada,396240,Karad
Dadra Nagar Haveli,Dadra Nagar Haveli,Surangi,396240,Karad
Dadra Nagar Haveli,Dadra Nagar Haveli,Rakholi,396240,Karad
Dadra Nagar Haveli,Dadra Nagar Haveli,Dadra,396193,Dadra
Dadra Nagar Haveli,Dadra Nagar Haveli,Bedpa,396230,Dadra & Nagar Haveli
Dadra Nagar Haveli,Dadra Nagar Haveli,Kilvani,396230,Dadra & Nagar Haveli
Dadra Nagar Haveli,Dadra Nagar Haveli,Chisda,396230,Dadra & Nagar Haveli
Dadra Nagar Haveli,Dadra Nagar Haveli,Masat,396230,Dadra & Nagar Haveli
Dadra Nagar Haveli,Dadra Nagar Haveli,Silvassa,396230,Dadra & Nagar Haveli
Dadra Nagar Haveli,Dadra Nagar Haveli,Karachgam,396230,Dadra & Nagar Haveli
Dadra Nagar Haveli,Dadra Nagar Haveli,Samarvarni,396230,Dadra & Nagar Haveli
Dadra Nagar Haveli,Dadra Nagar Haveli,Sili,396230,Dadra & Nagar Haveli
Dadra Nagar Haveli,Dadra Nagar Haveli,Sindoni,396230,Dadra & Nagar Haveli
Dadra Nagar Haveli,Dadra Nagar Haveli,Rudana,396230,Dadra & Nagar Haveli
Dadra Nagar Haveli,Dadra Nagar Haveli,Velugam,396230,Dadra & Nagar Haveli
Dadra Nagar Haveli,Dadra Nagar Haveli,Amli,396230,Dadra & Nagar Haveli
Dadra Nagar Haveli,Dadra Nagar Haveli,Bonta,396230,Dadra & Nagar Haveli
Dadra Nagar Haveli,Dadra Nagar Haveli,Mandoni,396230,Dadra & Nagar Haveli
Dadra Nagar Haveli,Dadra Nagar Haveli,Umarkui,396230,Dadra & Nagar Haveli
Dadra Nagar Haveli,Dadra Nagar Haveli,Parzai,396230,Dadra & Nagar Haveli
Dadra Nagar Haveli,Dadra Nagar Haveli,Athola,396230,Dadra & Nagar Haveli
Dadra Nagar Haveli,Dadra Nagar Haveli,Khanvel,396230,Dadra & Nagar Haveli
Dadra Nagar Haveli,Dadra Nagar Haveli,Naroli,396235,Naroli
Dadra Nagar Haveli,Dadra Nagar Haveli,Athal,396235,Naroli
Dadra Nagar Haveli,Dadra Nagar Haveli,Kharadpada,396235,Naroli
Dadra Nagar Haveli,Dadra Nagar Haveli,Saily,396240,Karad
Dadra Nagar Haveli,Dadra Nagar Haveli,Chikhli,396240,Karad
Dadra Nagar Haveli,Dadra Nagar Haveli,Dapada,396240,Karad
Dadra Nagar Haveli,Dadra Nagar Haveli,Surangi,396240,Karad
Dadra Nagar Haveli,Dadra Nagar Haveli,Rakholi,396240,Karad