nagaland,Dimapur,Pimla,797103,Aqahuto S/Comp
nagaland,Dimapur,Nihekhu,797103,Khehoyi
nagaland,Dimapur,P C College,797103,Seithekema (New)
nagaland,Dimapur,P C College,797103,Shozukhu
nagaland,Dimapur,P C College,797103,Sodzulhou
nagaland,Dimapur,Tenyiphe,797103,Tenyiphe I
nagaland,Dimapur,P C College,797103,Chumukedima
nagaland,Dimapur,Chumukedima,797103,Kriezephe
nagaland,Dimapur,Chumukedima,797103,L.Hetoi
nagaland,Dimapur,P C College,797103,Seithekema C
nagaland,Dimapur,Chumukedima,797103,Tseithrongse
nagaland,Dimapur,Chumukedima,797103,Vipon
nagaland,Dimapur,Chumukedima,797103,Zani
nagaland,Dimapur,Chumukedima,797103,Murise
nagaland,Dimapur,Pimla,797103,Pimla
nagaland,Dimapur,Pimla,797103,Shitovi
nagaland,Dimapur,Chumukedima,797103,Chumukedima
nagaland,Dimapur,P C College,797103,Seithekema A
nagaland,Dimapur,Nihekhu,797103,Sukhato
nagaland,Dimapur,P C College,797103,Seithekema (Old)
nagaland,Dimapur,Tenyiphe,797103,Tenyiphe II
nagaland,Dimapur,Nihekhu,797103,Hozhukhe
nagaland,Dimapur,Khopoanaula,797103,Khopanala
nagaland,Dimapur,Nihekhu,797103,Nihokhu
nagaland,Dimapur,Pimla,797103,Shikuto (UR)
nagaland,Dimapur,Chumukedima,797103,Vidima
nagaland,Dimapur,Pimla,797103,Viniho (UR)
nagaland,Dimapur,Nihekhu,797103,Ghokuto
nagaland,Dimapur,Chumukedima,797103,J.V.Perhereilie
nagaland,Dimapur,Chumukedima,797103,K. Hetoi
nagaland,Dimapur,Pimla,797103,Zutovi
nagaland,Dimapur,Chumukedima,797103,Chumukedima Vill
nagaland,Dimapur,Nihekhu,797103,Nikhekhu
nagaland,Dimapur,Chumukedima,797103,Ura Peace Camp
nagaland,Dimapur,Piphima,797106,Piphema Station
nagaland,Dimapur,Pherima,797106,Pherima Vill
nagaland,Dimapur,Piphima,797106,Piphema (Old)
nagaland,Dimapur,Medziphema,797106,Sochunoma
nagaland,Dimapur,Medziphema,797106,Tsiepama
nagaland,Dimapur,Medziphema,797106,Medziphema
nagaland,Dimapur,Maova,797106,Moava
nagaland,Dimapur,Medziphema,797106,Tsuuma
nagaland,Dimapur,Khaibung,797106,Khaibung
nagaland,Dimapur,Jharnapani,797106,Kukidolong
nagaland,Dimapur,Agri College,797106,Medziphema
nagaland,Dimapur,Medziphema,797106,Medziphema Hq
nagaland,Dimapur,Sirhima,797106,Sirhima
nagaland,Dimapur,Medziphema,797106,Viphoma
nagaland,Dimapur,Molvom,797106,Molvom
nagaland,Dimapur,Jharnapani,797106,Paglapahar
nagaland,Dimapur,Sirhima,797106,Sirhi Angami
nagaland,Dimapur,Khaibung,797106,Zuikhu A
nagaland,Dimapur,Jharnapani,797106,Jhornapani
nagaland,Dimapur,Piphima,797106,Piphema (New)
nagaland,Dimapur,Maova,797106,Bungsang
nagaland,Dimapur,Medziphema,797106,Khamkaria
nagaland,Dimapur,Pherima,797106,Pherima
nagaland,Dimapur,Khaibung,797106,Zuikhu B
nagaland,Dimapur,Zalukie,797110,Keyavi A
nagaland,Dimapur,Zalukie,797110,Khehoi (UR)
nagaland,Dimapur,Singrijan,797112,Dhansiripar Hq
nagaland,Dimapur,Doyapur,797112,Inavi (Hevuto) (UR)
nagaland,Dimapur,Nuiland,797112,Izhevi
nagaland,Dimapur,Nuiland,797112,Mughavi
nagaland,Dimapur,Nuiland,797112,Nikikhe
nagaland,Dimapur,Razaphima,797112,Razaphe
nagaland,Dimapur,Doyapur,797112,Shikavi
nagaland,Dimapur,Nuiland,797112,Shitoi
nagaland,Dimapur,Nuiland,797112,Zukihe
nagaland,Dimapur,Singrijan,797112,Dhansiripar Vill
nagaland,Dimapur,Nuiland,797112,Hetoi
nagaland,Dimapur,Doyapur,797112,Khekiho
nagaland,Dimapur,Nuiland,797112,Luheje
nagaland,Dimapur,Nuiland,797112,Luhevi
nagaland,Dimapur,Nuiland,797112,Pihekhu
nagaland,Dimapur,Nuiland,797112,Shoqhevi
nagaland,Dimapur,Nuiland,797112,Tohokhu
nagaland,Dimapur,Doyapur,797112,Toshizu
nagaland,Dimapur,Nuiland,797112,Zuheshe
nagaland,Dimapur,Doyapur,797112,Ghowoto
nagaland,Dimapur,Nuiland,797112,Henito
nagaland,Dimapur,Nuiland,797112,Hezeto
nagaland,Dimapur,Nuiland,797112,Hozheto (UR)
nagaland,Dimapur,Nuiland,797112,Jexuche
nagaland,Dimapur,Nuiland,797112,Khaghaboto
nagaland,Dimapur,Nuiland,797112,Kuhoxu
nagaland,Dimapur,Nuiland,797112,L.Vihoto
nagaland,Dimapur,Nuiland,797112,Nguvihe
nagaland,Dimapur,Nuiland,797112,Nitozu
nagaland,Dimapur,Singrijan,797112,Singrijan
nagaland,Dimapur,Nuiland,797112,Vishiyi
nagaland,Dimapur,Nuiland,797112,Xukhuvi
nagaland,Dimapur,Khermahal,797112,Dimapur Sadar
nagaland,Dimapur,Doyapur,797112,Ganesnagar
nagaland,Dimapur,Nuiland,797112,Hevuxu
nagaland,Dimapur,Nuiland,797112,Hukhai
nagaland,Dimapur,Nuiland,797112,Khutovi
nagaland,Dimapur,Doyapur,797112,Kiyeto
nagaland,Dimapur,Nuiland,797112,Kiyezhu B
nagaland,Dimapur,Doyapur,797112,Manglamukh
nagaland,Dimapur,Nuiland,797112,Ngamjalan
nagaland,Dimapur,Nuiland,797112,Niuland
nagaland,Dimapur,Nuiland,797112,Qhitohe (Ghotoi)
nagaland,Dimapur,Nuiland,797112,Sunito
nagaland,Dimapur,Nuiland,797112,Tohoi
nagaland,Dimapur,Doyapur,797112,Vihoto
nagaland,Dimapur,Nuiland,797112,Yetoho
nagaland,Dimapur,Singrijan,797112,Dhansiripar
nagaland,Dimapur,Nuiland,797112,Ghonivi
nagaland,Dimapur,Nuiland,797112,Ghotovi
nagaland,Dimapur,Nuiland,797112,Hezulho (UR)
nagaland,Dimapur,Nuiland,797112,Husto
nagaland,Dimapur,Nuiland,797112,Kiyezhu A
nagaland,Dimapur,Nuiland,797112,Lukuto
nagaland,Dimapur,Nuiland,797112,Nizheto (UR)
nagaland,Dimapur,Nuiland,797112,Padala
nagaland,Dimapur,Nuiland,797112,Phuwoto
nagaland,Dimapur,Nuiland,797112,Pishikhu
nagaland,Dimapur,Nuiland,797112,Shiwoto
nagaland,Dimapur,Nuiland,797112,Ahoto
nagaland,Dimapur,Dimapur,797112,Dimapur Sadar
nagaland,Dimapur,Nuiland,797112,Hakhezhe
nagaland,Dimapur,Nuiland,797112,Heviqhe
nagaland,Dimapur,Nuiland,797112,Homeland
nagaland,Dimapur,Doyapur,797112,Lothavi
nagaland,Dimapur,Phaipijan,797112,Phaipijang
nagaland,Dimapur,Nuiland,797112,Sahoi
nagaland,Dimapur,Nuiland,797112,Xukiye
nagaland,Dimapur,Nuiland,797112,Zaka Station
nagaland,Dimapur,Nuiland,797112,Akito
nagaland,Dimapur,Nuiland,797112,Aoyimchen
nagaland,Dimapur,Doyapur,797112,Doyapur Vill
nagaland,Dimapur,Doyapur,797112,Hazadisa
nagaland,Dimapur,Nuiland,797112,Hevishe
nagaland,Dimapur,Nuiland,797112,Hovishe
nagaland,Dimapur,Nuiland,797112,Jekishe
nagaland,Dimapur,Doyapur,797112,K.Xekiye
nagaland,Dimapur,Nuiland,797112,Khehuto
nagaland,Dimapur,Nuiland,797112,Kiyelho
nagaland,Dimapur,Nuiland,797112,Nikihe (UR)
nagaland,Dimapur,Nuiland,797112,P.Vihoto
nagaland,Dimapur,Nuiland,797112,R.Hovishe
nagaland,Dimapur,Nuiland,797112,Tokishe
nagaland,Dimapur,Nuiland,797112,Zutoi
nagaland,Dimapur,Nuiland,797112,Aghunaqa
nagaland,Dimapur,Doyapur,797112,Amaluma
nagaland,Dimapur,Doyapur,797112,Daniel
nagaland,Dimapur,Doyapur,797112,Disagaphu
nagaland,Dimapur,Doyapur,797112,Doyapur Bazar
nagaland,Dimapur,Nuiland,797112,Ghosito
nagaland,Dimapur,Nuiland,797112,Hovukhu
nagaland,Dimapur,Nuiland,797112,Khuhoi
nagaland,Dimapur,Nuiland,797112,Kikheye
nagaland,Dimapur,Kuda,797112,Nagarjan
nagaland,Dimapur,Doyapur,797112,Pukhahe (Keyavi B )
nagaland,Dimapur,Razaphima,797112,Razaphema
nagaland,Dimapur,Nuiland,797112,Vikheto
nagaland,Dimapur,Nuiland,797112,Viyito
nagaland,Dimapur,Nuiland,797112,Yeveto
nagaland,Dimapur,Duncan Basti,797113,Dimapur Sadar
nagaland,Dimapur,Industrial Estate,797113,Khasiram
nagaland,Dimapur,Lengrijan,797113,Dimapur Sadar
nagaland,Dimapur,New Nepaligaon,797113,Dimapur Sadar
nagaland,Dimapur,Industrial Estate,797113,Industrial Vill. (Razhuphe)
nagaland,Dimapur,Industrial Estate,797113,Kacharigaon (Phevima)
nagaland,Dimapur,Industrial Estate,797113,Senjum
nagaland,Dimapur,Industrial Estate,797113,Aoyimkum
nagaland,Dimapur,Industrial Estate,797113,Khasiram Ao
nagaland,Dimapur,Industrial Estate,797113,Dikoi
nagaland,Dimapur,Sukhovi,797115,Sokhuvi
nagaland,Dimapur,Showba Old,797115,Aoyim
nagaland,Dimapur,Suger Mill,797115,Sovima
nagaland,Dimapur,Suger Mill,797115,5Th Mile Model
nagaland,Dimapur,Artc,797115,Badi
nagaland,Dimapur,Artc,797115,Darogapathar
nagaland,Dimapur,Eralibill,797115,Ekrani Pathar
nagaland,Dimapur,Showba Old,797115,New Shouba
nagaland,Dimapur,Suger Mill,797115,7Th Mile Model
nagaland,Dimapur,Diphupar,797115,Diphupar A
nagaland,Dimapur,Diphupar,797115,Diphupar B
nagaland,Dimapur,Eralibill,797115,Eralibil
nagaland,Dimapur,Suger Mill,797115,Sugarmill Area
nagaland,Dimapur,Suger Mill,797115,7Th Mile Vill
nagaland,Dimapur,Artc,797115,Chekiye
nagaland,Dimapur,Eralibill,797115,Dubagaon
nagaland,Dimapur,Showba Old,797115,Shouba (Old)
nagaland,Dimapur,Suger Mill,797115,Thelikhu
nagaland,Dimapur,Showba Old,797115,Xelhoshe
nagaland,Dimapur,Aoyimti,797115,Aoyimti
nagaland,Dimapur,Daroga Pathar,797115,Naharbari
nagaland,Dimapur,Daroga Pathar,797115,Darogapathar
nagaland,Dimapur,Showba Old,797115,Naga United Vill
nagaland,Dimapur,Khehekhu,797116,Hoito
nagaland,Dimapur,Kuhuboto,797116,Khughovi
nagaland,Dimapur,Kuhuboto,797116,Kuhuboto
nagaland,Dimapur,Kuhuboto,797116,Suhoi
nagaland,Dimapur,Padampukhuri,797116,Toluvi B
nagaland,Dimapur,Khehekhu,797116,Xekiye
nagaland,Dimapur,Kuhuboto,797116,Zuvukho
nagaland,Dimapur,Kuhuboto,797116,Nihoto
nagaland,Dimapur,Padampukhuri,797116,Samaguri
nagaland,Dimapur,Vihokhu,797116,Toshiho
nagaland,Dimapur,Kushiabill,797116,Diezephe
nagaland,Dimapur,Kushiabill,797116,Khusiabil
nagaland,Dimapur,Vihokhu,797116,S.Hetoi
nagaland,Dimapur,Kuhuboto,797116,Kuhoboto
nagaland,Dimapur,Vihokhu,797116,Vihokhu
nagaland,Dimapur,Kuhuboto,797116,Ahozhe
nagaland,Dimapur,Kushiabill,797116,Darogajan
nagaland,Dimapur,Kuhuboto,797116,Ghokito
nagaland,Dimapur,Kuhuboto,797116,Hukato
nagaland,Dimapur,Khehekhu,797116,Khehokhu
nagaland,Dimapur,Kuhuboto,797116,Pukhato
nagaland,Dimapur,Dimapur Bazar,797116,Puranabazar A
nagaland,Dimapur,Kuhuboto,797116,Henivi
nagaland,Dimapur,Kuhuboto,797116,Luzheto
nagaland,Dimapur,Kuhuboto,797116,S.Hotovi
nagaland,Dimapur,Kuhuboto,797116,Tokugha
nagaland,Dimapur,Kuhuboto,797116,Vikuho
nagaland,Dimapur,Padampukhuri,797116,Bamunpukhuri A
nagaland,Dimapur,Padampukhuri,797116,Bamunpukhuri B
nagaland,Dimapur,Kushiabill,797116,Domukha
nagaland,Dimapur,Kuhuboto,797116,Lotovi
nagaland,Dimapur,Padampukhuri,797116,Padampukhuri
nagaland,Dimapur,Kuhuboto,797116,Nizhevi
nagaland,Dimapur,Dimapur Bazar,797116,Puranabazar B
nagaland,Dimapur,Zeliangrong,797117,Dimapur Sadar
nagaland,Dimapur,Circular Road,797117,Dimapur Sadar
nagaland,Dimapur,Pwd Colony,797117,Dimapur Sadar
nagaland,Dimapur,Rangapahar,797118,Rangapahar
nagaland,Dimapur,Thahekhu,797118,Thahekhu
nagaland,Kiphire,Pungro,798611,Khongjiri
nagaland,Kiphire,Kiphire,798611,Kiphire Hq
nagaland,Kiphire,Sitimi,798611,Nikiya (UR)
nagaland,Kiphire,Pungro,798611,Penkim
nagaland,Kiphire,Sitimi,798611,Shishimi
nagaland,Kiphire,Singrup,798611,Singrep
nagaland,Kiphire,Pungro,798611,Tsutang
nagaland,Kiphire,Pungro,798611,Zaonger
nagaland,Kiphire,Pungro,798611,Zimkiur
nagaland,Kiphire,Moya,798611,Fakim
nagaland,Kiphire,Kiphire,798611,Kiphire Sadar
nagaland,Kiphire,Sitimi,798611,Nitoi
nagaland,Kiphire,Sitimi,798611,Sitimi
nagaland,Kiphire,Pungro,798611,Thanamir
nagaland,Kiphire,Kiphire,798611,Tsar Farm
nagaland,Kiphire,Pungro,798611,Longkhimong
nagaland,Kiphire,Pungro,798611,Mutingkhong
nagaland,Kiphire,Pungro,798611,New Vongti
nagaland,Kiphire,Pungro,798611,Iponger
nagaland,Kiphire,Pungro,798611,Khongkha
nagaland,Kiphire,Kiphire,798611,Langkoker
nagaland,Kiphire,Pungro,798611,Pungro Vill
nagaland,Kiphire,Sitimi,798611,Sitimi Vill
nagaland,Kiphire,Pungro,798611,Vongti
nagaland,Kiphire,Pungro,798611,Wongtsowang
nagaland,Kiphire,Sitimi,798611,Honito
nagaland,Kiphire,Kiphire,798611,Longthonger
nagaland,Kiphire,Moya,798611,Moya
nagaland,Kiphire,Pungro,798611,Pungro
nagaland,Kiphire,Sitimi,798611,Thazuvi
nagaland,Kiphire,Pungro,798611,Chomi
nagaland,Kiphire,Pungro,798611,Hakumute
nagaland,Kiphire,Pungro,798611,Khong
nagaland,Kiphire,Kiphire,798611,Kiphire GHS Comp
nagaland,Kiphire,Sitimi,798611,Langzanger
nagaland,Kiphire,Pungro,798611,LHEP
nagaland,Kiphire,Pungro,798611,Luthur
nagaland,Kiphire,Sitimi,798611,Natsami
nagaland,Kiphire,Pungro,798611,Lofukhong
nagaland,Kiphire,Phalonger,798611,Phelonger
nagaland,Kiphire,Pungro,798611,Pungro Hq
nagaland,Kiphire,Pungro,798611,Salumi
nagaland,Kiphire,Sitimi,798611,Sitimi Hq
nagaland,Kiphire,Pungro,798611,Tekivong
nagaland,Kiphire,Anatongere,798611,Anatonger GREF Camp
nagaland,Kiphire,Pungro,798611,Mimi
nagaland,Kiphire,Sitimi,798611,Xuvishe (UR)
nagaland,Kiphire,Sitimi,798611,Yangsekyu
nagaland,Kohima,Kohima,797001,Kohima Sadar
nagaland,Kohima,Jotsoma,797002,Jotsoma
nagaland,Kohima,Kohima Science College,797002,Jotsoma
nagaland,Kohima,Khonoma,797002,Khonoma
nagaland,Kohima,Khonoma,797002,Dzulakema
nagaland,Kohima,Mezoma,797002,Mezoma
nagaland,Kohima,Chedema,797003,Chiedema
nagaland,Kohima,Kizocha,797003,Kezo Basa
nagaland,Kohima,Kizocha,797003,Kezocha Hq
nagaland,Kohima,Kohima Village,797003,Meriema
nagaland,Kohima,Rusoma,797003,Rusoma
nagaland,Kohima,Kohima Village,797003,Kohima Vill
nagaland,Kohima,Kizocha,797003,Kezo Town
nagaland,Kohima,Chakhabama,797003,Chakhabama
nagaland,Kohima,Chedema,797003,Chiede Model Vill
nagaland,Kohima,Dihoma,797003,Dihoma
nagaland,Kohima,Kizocha,797003,Kezocha
nagaland,Kohima,Kizocha,797003,Kezoma
nagaland,Kohima,Ciesema,797003,Tsiedema
nagaland,Kohima,Dihoma,797003,Kijumetouma
nagaland,Kohima,Kohima Village,797003,Model Vill
nagaland,Kohima,New Sectt Complex,797004,Kohima Sadar
nagaland,Kohima,Thizama,797004,Thizama
nagaland,Kohima,Thizama,797004,4Th NAP Batt. Thiza
nagaland,Kohima,Kigwema,797021,Kigwe Basa (UR)
nagaland,Kohima,Mima,797021,Mitelephe
nagaland,Kohima,Viswema,797021,Sweba (Viswema) (UR)
nagaland,Kohima,Kigwema,797021,Kigwema
nagaland,Kohima,Kedima,797021,Kedima
nagaland,Kohima,Khuzama,797021,Khuzama
nagaland,Kohima,Kigwema,797021,Kegwe Town (UR)
nagaland,Kohima,Mima,797021,Mima
nagaland,Kohima,Viswema,797021,Viswema
nagaland,Kohima,N.Song,797101,Lalong
nagaland,Kohima,N.Song,797101,Nsong Vill
nagaland,Kohima,N.Song,797101,Old Ngaulong
nagaland,Kohima,N.Song,797101,Nsong
nagaland,Kohima,Tening,797101,Bunglen
nagaland,Kohima,N.Song,797101,Bamsiakelu
nagaland,Kohima,N.Song,797101,Nchan (Mechangbum)
nagaland,Kohima,Tening,797101,Chisailhem
nagaland,Kohima,N.Song,797101,Ngam
nagaland,Kohima,N.Song,797101,Nsong Hq
nagaland,Kohima,N.Song,797101,Nzauna
nagaland,Kohima,Chiephobozou,797105,Phekerkrie Bawe
nagaland,Kohima,Tuophema,797105,Gareiphema
nagaland,Kohima,Chiephobozou,797105,Nerhema
nagaland,Kohima,Botsa,797105,Seiyhama
nagaland,Kohima,Botsa,797105,Tsiemekhuma
nagaland,Kohima,Tuophema,797105,Teichuma
nagaland,Kohima,Zhadima,797105,Ziezou
nagaland,Kohima,Botsa,797105,Botsa
nagaland,Kohima,Chiephobozou,797105,Nachama
nagaland,Kohima,Chiephobozou,797105,Chiephobozou
nagaland,Kohima,Tuophema,797105,Gukhanyu
nagaland,Kohima,Chiechama,797105,Tsiese Bawe
nagaland,Kohima,Tuophema,797105,Tuophema
nagaland,Kohima,Chiephobozou,797105,Phekerkrie Basa
nagaland,Kohima,Chiephobozou,797105,Phezha
nagaland,Kohima,Chiephobozou,797105,Phezha (Seiyhama)
nagaland,Kohima,Chiechama,797105,Tsiese Basa
nagaland,Kohima,Zhadima,797105,Ziezou (Phekerkrie)
nagaland,Kohima,Zhadima,797105,Zhadima
nagaland,Kohima,Chiechama,797105,Ciechama
nagaland,Kohima,Tuophema,797105,Gareiphe Basa
nagaland,Kohima,Zhadima,797105,Longwesunyu
nagaland,Kohima,Phenwhenyu,797109,Henbenzhu
nagaland,Kohima,Phenwhenyu,797109,Kashanyu (UR)
nagaland,Kohima,Kontsunyu,797109,Phenda
nagaland,Kohima,Phenwhenyu,797109,Phenwenyu
nagaland,Kohima,Tseminyu Old Town,797109,Tseminyu Old Town
nagaland,Kohima,Nisenyu,797109,Chunlikha
nagaland,Kohima,Zephenyu,797109,Ziphenyu
nagaland,Kohima,Tseminyu Old Town,797109,Zisunyu
nagaland,Kohima,Kontsunyu,797109,Kandinu
nagaland,Kohima,Phenshunyu,797109,Rumensinyu
nagaland,Kohima,Tseminyu Old Town,797109,Sishunu
nagaland,Kohima,Phenwhenyu,797109,New Terogunyu (UR)
nagaland,Kohima,Phenwhenyu,797109,Ehenu
nagaland,Kohima,Kontsunyu,797109,K. Station
nagaland,Kohima,Phenwhenyu,797109,Kashanyu
nagaland,Kohima,Nisenyu,797109,Nsunyu
nagaland,Kohima,Tseminyu,797109,Thongsunyu
nagaland,Kohima,Tseminyu,797109,Tsonsa
nagaland,Kohima,Sendenyu,797109,New Sendenyu
nagaland,Kohima,Tesophenyu,797109,New Tesophenyu
nagaland,Kohima,Sendenyu,797109,Sendenyu
nagaland,Kohima,Phenshunyu,797109,Terogunyu
nagaland,Kohima,Tseminyu Old Town,797109,Tseminyu South
nagaland,Kohima,Tseminyu Old Town,797109,Tsosinyu
nagaland,Kohima,Nyishunyu,797109,Ehenu
nagaland,Kohima,Phenshunyu,797109,Khenyu
nagaland,Kohima,Phenwhenyu,797109,Khonibinzun
nagaland,Kohima,Phenshunyu,797109,Phenshunyu
nagaland,Kohima,Tesophenyu,797109,Tesophenyu
nagaland,Kohima,Tseminyu,797109,Tseminyu Hq
nagaland,Kohima,Tseminyu Old Town,797109,Zumpha
nagaland,Kohima,Tsosesunyu,797109,Sishunu
nagaland,Kohima,Tseminyu,797109,Tseminyu
nagaland,Kohima,Tseminyu Old Town,797109,Tseminyu Vill
nagaland,Kohima,Tseminyu,797109,Yikhanyu
nagaland,Kohima,Athibung,797110,Gopibung
nagaland,Kohima,Bongkholong,797110,Ikeisingram
nagaland,Kohima,Khelma,797110,Newchamcha
nagaland,Kohima,Khelma,797110,Nsenlwa
nagaland,Kohima,Athibung,797110,Old Chalkot
nagaland,Kohima,Athibung,797110,Songngou
nagaland,Kohima,Athibung,797110,Athibung
nagaland,Kohima,Athibung,797110,Inbung
nagaland,Kohima,Lilen,797110,Phaijol
nagaland,Kohima,Athibung,797110,Songlhuh
nagaland,Kohima,Athibung,797110,Songsang
nagaland,Kohima,Athibung,797110,Lower Sinjol
nagaland,Kohima,Athibung,797110,New Ngaolong
nagaland,Kohima,Khelma,797110,Nkio (New)
nagaland,Kohima,Bongkholong,797110,New Beisumpui
nagaland,Kohima,Khelma,797110,Khelma
nagaland,Kohima,Athibung,797110,Vongkithem
nagaland,Kohima,Athibung,797110,Vongkithem B
nagaland,Kohima,Athibung,797110,Gellhang
nagaland,Kohima,Lilen,797110,New Chalkot
nagaland,Kohima,Khelma,797110,Nkio B
nagaland,Kohima,Athibung,797110,Phaikolum
nagaland,Kohima,Lilen,797110,New Pellhang
nagaland,Kohima,Khelma,797110,New Soget
nagaland,Kohima,Khelma,797110,Pellhang
nagaland,Kohima,Bongkholong,797110,Bongkolong
nagaland,Kohima,Athibung,797110,Mouicham
nagaland,Kohima,Khelma,797110,Old Soget
nagaland,Kohima,Khelma,797110,Pellhang B
nagaland,Kohima,Jalukiekam,797112,Old Beisumpui
nagaland,Kohima,Nuiland,797112,Rengmapani
nagaland,Kohima,Phesama,797120,Phesama
nagaland,Kohima,Zubza,797120,Sechu
nagaland,Kohima,Zubza,797120,Sechu (Zubza)
nagaland,Kohima,Lalmati,797120,Kiruphema Bawe
nagaland,Kohima,Phesama,797120,Pfuchama
nagaland,Kohima,Lalmati,797120,Kiruphema Basa
nagaland,Kohima,Zubza,797120,Sechuma
nagaland,Kohima,P.R Hill,797120,Kohima Sadar
nagaland,Kohima,Lalmati,797120,Peducha
nagaland,Longleng,Tamlu,798618,Ladaigarh
nagaland,Longleng,Tamlu,798618,Tamlu
nagaland,Longleng,Tamlu,798618,Ngetchungshing
nagaland,Longleng,Tamlu,798618,Tamlu Village
nagaland,Longleng,Tamlu,798618,Kangching
nagaland,Longleng,Tamlu,798618,Shamnyuching
nagaland,Longleng,Tamlu,798618,Konsong S/ Comp
nagaland,Longleng,Tamlu,798618,Shitap
nagaland,Longleng,Tamlu,798618,Tamlu Hq
nagaland,Longleng,Baranamsang,798622,Bora Namsang
nagaland,Longleng,Phomching,798625,Namching S/Comp
nagaland,Longleng,Longleng,798625,Pongo
nagaland,Longleng,Sakchi,798625,Sakchi
nagaland,Longleng,Sakchi,798625,Yaong
nagaland,Longleng,Longleng,798625,Longleng Hq
nagaland,Longleng,Longleng,798625,Longleng Mission Comp
nagaland,Longleng,Longleng,798625,Yanching
nagaland,Longleng,Sakchi,798625,Yongphang S/Comp
nagaland,Longleng,Sakchi,798625,Aoching
nagaland,Longleng,Longleng,798625,Pongo S/Comp
nagaland,Longleng,Longleng,798625,Bhumnyu (Mongnyu)
nagaland,Longleng,Longleng,798625,Longleng Leprosy Colony
nagaland,Longleng,Phomching,798625,Pongching
nagaland,Longleng,Yachem,798625,Yachem
nagaland,Longleng,Longleng,798625,Longleng
nagaland,Longleng,Phomching,798625,Mongtikong
nagaland,Longleng,Sakchi,798625,Sakchiyimjong
nagaland,Longleng,Nian,798625,nian
nagaland,Longleng,Yachem,798625,Yongphang
nagaland,Longleng,Hukpang,798625,Hukpang
nagaland,Longleng,Phomching,798625,Orangkong
nagaland,Mokokchung,Ungma,798601,Aosetsu
nagaland,Mokokchung,Changki,798601,Chungliyimsen
nagaland,Mokokchung,Longkhum,798601,Longkhum
nagaland,Mokokchung,Khensa,798601,Mekuli
nagaland,Mokokchung,Chungtia,798601,Chungtia
nagaland,Mokokchung,Longmisa,798601,Longmisa NAP Camp
nagaland,Mokokchung,Mangmentong,798601,Mangmetong
nagaland,Mokokchung,Nst Colony,798601,Mokokchung Vill
nagaland,Mokokchung,Chungtia,798601,Aliba
nagaland,Mokokchung,Fazl Ali College,798601,Chuchuyimpang
nagaland,Mokokchung,Longsa,798601,Meyilong
nagaland,Mokokchung,Longsa,798601,Chubayimbang
nagaland,Mokokchung,Kubza,798601,Kabza
nagaland,Mokokchung,Alichen,798601,alichen 2nd BN NAP
nagaland,Mokokchung,Longsa,798601,Chubayimkum
nagaland,Mokokchung,Chungtia,798601,Kinunger
nagaland,Mokokchung,Longsa,798601,Moalenden
nagaland,Mokokchung,Ungma,798601,Ungma
nagaland,Mokokchung,Aolijen,798601,Aolijen
nagaland,Mokokchung,Changki,798601,Changki
nagaland,Mokokchung,Changki,798601,Chungliyimsen Comp
nagaland,Mokokchung,Khensa,798601,Khensa
nagaland,Mokokchung,Longsa,798601,Longsa
nagaland,Mokokchung,S. E. Colony,798601,Ongpangkong
nagaland,Mokokchung,Mokokchung,798601,Alongkima
nagaland,Mokokchung,Alungkima,798604,Alongkima
nagaland,Mokokchung,Longnak,798604,Atophumi
nagaland,Mokokchung,Khari,798604,Khari
nagaland,Mokokchung,Mongkholemba,798604,Lakhuni
nagaland,Mokokchung,Mongkholemba,798604,Longsemdang
nagaland,Mokokchung,Longnak,798604,Longtho
nagaland,Mokokchung,Chungtia Yimsen,798604,Medemyim
nagaland,Mokokchung,Mongkholemba,798604,Aonokpuyimsen
nagaland,Mokokchung,Longchem,798604,Chandang
nagaland,Mokokchung,Longchem,798604,Lirmen
nagaland,Mokokchung,Longchem,798604,Longchem Comp
nagaland,Mokokchung,Longnak,798604,Moayimti
nagaland,Mokokchung,Longnak,798604,Tsurong NAP Camp
nagaland,Mokokchung,Waromung,798604,Woromong Comp
nagaland,Mokokchung,Longchem,798604,Yajang A
nagaland,Mokokchung,Longchem,798604,Yajang B
nagaland,Mokokchung,Longchem,798604,Yajang C
nagaland,Mokokchung,Mongkholemba,798604,Mangkolemba Hq
nagaland,Mokokchung,Longchem,798604,Saringyim
nagaland,Mokokchung,Chungtia Yimsen,798604,Watiyim
nagaland,Mokokchung,Waromung,798604,Woromong
nagaland,Mokokchung,Longchem,798604,Akumen C
nagaland,Mokokchung,Chungtia Yimsen,798604,Longphayimsen
nagaland,Mokokchung,Mongkholemba,798604,Nokpu
nagaland,Mokokchung,Longchem,798604,Tsurmenyimsen
nagaland,Mokokchung,Alungtaki,798604,Alongtaki Comp
nagaland,Mokokchung,Mongkholemba,798604,Aonokpu
nagaland,Mokokchung,Chungtia Yimsen,798604,Chungtiayimsen
nagaland,Mokokchung,Longchem,798604,Longchem
nagaland,Mokokchung,Mongkholemba,798604,Mangkolemba
nagaland,Mokokchung,Chungtia Yimsen,798604,Tsutapella
nagaland,Mokokchung,Mongkholemba,798604,Aokum
nagaland,Mokokchung,Mongchen,798604,Dibuia
nagaland,Mokokchung,Mongkholemba,798604,Japu
nagaland,Mokokchung,Longnak,798604,Longnak
nagaland,Mokokchung,Mongchen,798604,Mongchen
nagaland,Mokokchung,Longnak,798604,Satsuk
nagaland,Mokokchung,Alungkima,798604,Yimjemkimong
nagaland,Mokokchung,Alungkima,798604,Alongkima Hq
nagaland,Mokokchung,Mongkholemba,798604,Aosenden
nagaland,Mokokchung,Mongkholemba,798604,Aosungkum
nagaland,Mokokchung,Longnak,798604,Puneboto Comp
nagaland,Mokokchung,Longnak,798604,Shahaphumi
nagaland,Mokokchung,Chantongia,798613,Akhoia
nagaland,Mokokchung,Chantongia,798613,Changtongya
nagaland,Mokokchung,Chantongia,798613,Changtongya (New)
nagaland,Mokokchung,Chantongia,798613,Changtongya Hq
nagaland,Mokokchung,Chantongia,798613,Yaongyimti (New)
nagaland,Mokokchung,Chantongia,798613,Yaongyimti (Old)
nagaland,Mokokchung,Chantongia,798613,Asangma
nagaland,Mokokchung,Chantongia,798613,Changtongya Elct COLONY
nagaland,Mokokchung,Yaongyimsen,798613,Yaongyimsen
nagaland,Mokokchung,Chantongia,798613,Kilangmen
nagaland,Mokokchung,Yaongyimsen,798613,Yaongyimsen Comp
nagaland,Mokokchung,Chantongia,798613,Changtongya (Old)
nagaland,Mokokchung,Chuchuyimlang,798614,Chuchuyimlang
nagaland,Mokokchung,Longkong,798614,Longkong
nagaland,Mokokchung,Mongsenyimti,798614,Mongsenyimti
nagaland,Mokokchung,Mongsenyimti,798614,Mongsenyimti Comp
nagaland,Mokokchung,Salulamang,798614,Salulemang
nagaland,Mokokchung,Ungar,798614,Unger
nagaland,Mokokchung,Yisemyong,798614,Yisemyong Comp
nagaland,Mokokchung,Phangsang,798614,Chakpa
nagaland,Mokokchung,Chuchuyimlang,798614,Chuchuyimlang Vill
nagaland,Mokokchung,Phangsang,798614,Phangsang Comp
nagaland,Mokokchung,Impur,798615,Alongchen Comp
nagaland,Mokokchung,Impur,798615,Impur Comp
nagaland,Mokokchung,Impur,798615,Chami
nagaland,Mokokchung,Kubulong,798615,Kubolong
nagaland,Mokokchung,Kubulong,798615,Kubolong Hq
nagaland,Mokokchung,Longchang,798615,Longpha
nagaland,Mokokchung,Sungratsu,798615,Sungratsu
nagaland,Mokokchung,Impur,798615,Mopungchukit
nagaland,Mokokchung,Longchang,798615,Longjang
nagaland,Mokokchung,Barakangtsung,798618,Anaki C
nagaland,Mokokchung,Barakangtsung,798618,Kangtsung D (Aobenzu)
nagaland,Mokokchung,Luyang Valley,798618,Tuli
nagaland,Mokokchung,Tuli,798618,Tuli
nagaland,Mokokchung,Wamaken,798618,Wamaken
nagaland,Mokokchung,Merangkong,798618,Merangkong Comp
nagaland,Mokokchung,Merangkong,798618,Merakong
nagaland,Mokokchung,Tuli,798618,Tuli Hq
nagaland,Mokokchung,Barakangtsung,798618,Anakiyimsen
nagaland,Mokokchung,Asangma,798618,Asangma
nagaland,Mokokchung,Merangkong,798618,Merangkong
nagaland,Mokokchung,Barakangtsung,798618,Kangtsung C (Soyimlenden)
nagaland,Mokokchung,Barakangtsung,798618,Kangtsung
nagaland,Mokokchung,Barakangtsung,798618,Anaki
nagaland,Mokokchung,Molungkhimong,798618,Molungkimong
nagaland,Mokokchung,Molungyimsen,798618,Molungyimsen
nagaland,Mokokchung,Tzudikong,798623,Tsudikong (13th Mile Tuli Paper Mill)
nagaland,Mon,Namsa,798602,namsa
nagaland,Mon,Yannu,798602,Sangsa
nagaland,Mon,Tizit,798602,Tizit Hq
nagaland,Mon,Zaboka,798602,Hunta
nagaland,Mon,Zaboka,798602,Joboka
nagaland,Mon,Zaboka,798602,Yanpan
nagaland,Mon,Zangkham,798602,Zangkham Tingsa
nagaland,Mon,Zaboka,798602,Laokhun
nagaland,Mon,Zaboka,798602,Nokyan
nagaland,Mon,Tizit,798602,Takum
nagaland,Mon,Tizit,798602,Tizit
nagaland,Mon,Yannu,798602,Yannyu
nagaland,Mon,Zangkham,798602,Zangkham
nagaland,Mon,Zaboka,798602,Laokhu
nagaland,Mon,Namsa,798602,Old Zakho
nagaland,Mon,Zaboka,798602,Tela
nagaland,Mon,Tizit,798602,Wangla
nagaland,Mon,Tizit,798602,Lapalampong
nagaland,Mon,Zaboka,798602,Neitong
nagaland,Mon,Namsa,798602,Ngangting
nagaland,Mon,Zaboka,798602,Nokzang
nagaland,Mon,Zaboka,798602,Tinglibam
nagaland,Mon,Tizit,798602,Tizit Village
nagaland,Mon,Zaboka,798602,Longting
nagaland,Mon,Namsa,798602,Zakho
nagaland,Mon,Zaboka,798602,Hunta Hq
nagaland,Mon,Yannu,798602,Old Sangsa
nagaland,Mon,Tizit,798602,Lapa
nagaland,Mon,Tizit,798602,Longlem
nagaland,Mon,Chenwetnyu,798603,Chen Hq
nagaland,Mon,Chenwetnyu,798603,Chenwetnyu
nagaland,Mon,Chinglong,798603,Chinglong
nagaland,Mon,Chingkao,798603,Chuhachinglen
nagaland,Mon,Jakpang,798603,Jakphang
nagaland,Mon,Tobu,798603,Tamkong
nagaland,Mon,Chenwetnyu,798603,Wangti
nagaland,Mon,Ukha,798603,Yei
nagaland,Mon,Champang,798603,Aboi Hq
nagaland,Mon,Chengloisho,798603,Chenloisho
nagaland,Mon,Chingkao,798603,Chingkao Chingnyu
nagaland,Mon,Champang,798603,Ngangching
nagaland,Mon,Tobu,798603,Tobu Village
nagaland,Mon,Longching,798603,Angjangyang
nagaland,Mon,Champang,798603,Ao Pao
nagaland,Mon,Monyakshu,798603,Bumei S/Comp
nagaland,Mon,Chingkao,798603,Choknyu
nagaland,Mon,Chingkao,798603,Chuhachingnyu
nagaland,Mon,Ukha,798603,Kenjenshu
nagaland,Mon,Ukha,798603,Yakshu
nagaland,Mon,Champang,798603,Aboi
nagaland,Mon,Angphang,798603,Angphang
nagaland,Mon,Chenwetnyu,798603,Chen
nagaland,Mon,Chenwetnyu,798603,Chenmoho
nagaland,Mon,Monyakshu,798603,Shingnyu
nagaland,Mon,Tobu,798603,Tobu HQ
nagaland,Mon,Longching,798603,Longching Hq
nagaland,Mon,Tobu,798603,Shannyu
nagaland,Mon,Tobu,798603,Tobu
nagaland,Mon,Ukha,798603,Ukha
nagaland,Mon,Monyakshu,798603,Changlangshu
nagaland,Mon,Ukha,798603,Changnyu
nagaland,Mon,Champang,798603,Longmeang
nagaland,Mon,Monyakshu,798603,Monyakshu Village
nagaland,Mon,Longching,798603,Sowa
nagaland,Mon,Chingkao,798603,Chingkao Chingha
nagaland,Mon,Longching,798603,Longching
nagaland,Mon,Longching,798603,Mohung
nagaland,Mon,Monyakshu,798603,Monyakshu
nagaland,Mon,Monyakshu,798603,Monyakshu Hq
nagaland,Mon,Ukha,798603,Mopong
nagaland,Mon,Ukha,798603,Mopong Hq
nagaland,Mon,Pessao,798603,Pesao
nagaland,Mon,Ukha,798603,Yonghong
nagaland,Mon,Longching,798603,Changlang
nagaland,Mon,Longching,798603,Longching Village
nagaland,Mon,Tobu,798603,Yongkhao
nagaland,Mon,Chui,798621,Goching
nagaland,Mon,Tang,798621,Longshen Hq
nagaland,Mon,Longwa,798621,Longwa
nagaland,Mon,Singha Chingnyu,798621,Shianghachingnyu
nagaland,Mon,Tang,798621,Shianghatangteh
nagaland,Mon,Singha Chingnyu,798621,Shianghawamsa
nagaland,Mon,Chui,798621,Chui
nagaland,Mon,Chui,798621,Leangha
nagaland,Mon,Longpong Senghe,798621,Phuktong
nagaland,Mon,Pongkong,798621,Tanhai
nagaland,Mon,Longpong Senghe,798621,Tuimei
nagaland,Mon,Pongkong,798621,Hongphoi
nagaland,Mon,Pongkong,798621,Otting
nagaland,Mon,Pongkong,798621,Pongkong
nagaland,Mon,Longpong Senghe,798621,Shangnyu
nagaland,Mon,Wakching,798621,Shiyong
nagaland,Mon,Singha Chingnyu,798621,Shianghamokok
nagaland,Mon,Totak,798621,Totokchingnyu
nagaland,Mon,Wakching,798621,Wakching
nagaland,Mon,Wakching,798621,Chingphoi
nagaland,Mon,Wakching,798621,Chingtang
nagaland,Mon,Pongkong,798621,Longkai
nagaland,Mon,Longpong Senghe,798621,Longponshing
nagaland,Mon,Tang,798621,Longshen
nagaland,Mon,Longwa,798621,Longzang
nagaland,Mon,Totak,798621,Totokchingha
nagaland,Mon,Wakching,798621,Wakching Hq
nagaland,Mon,Pongkong,798621,Leangnyu
nagaland,Mon,Mon,798621,Mon Village
nagaland,Mon,Tang,798621,Tang
nagaland,Mon,Totak,798621,Totokchingkhu
nagaland,Mon,Tang,798621,Yuting
nagaland,Mon,Longpong Senghe,798621,Longtho
nagaland,Mon,Mon,798621,Mon Sadar
nagaland,Mon,Longpong Senghe,798621,Nayasa
nagaland,Mon,Waunching,798621,Wanching
nagaland,Mon,Naginimora,798622,Naginimora
nagaland,Mon,Naginimora,798622,Nyahnyu
nagaland,Mon,Naginimora,798622,Phomching Hq
nagaland,Mon,Naginimora,798622,Wetting
nagaland,Mon,Naginimora,798622,Namthai
nagaland,Mon,Naginimora,798622,Phomching
nagaland,Mon,Naginimora,798622,Pukha
nagaland,Mon,Kongon,798622,Kongon
nagaland,Mon,Naginimora,798622,Tiru (Upper)
nagaland,Mon,Naginimora,798622,Hotahoti
nagaland,Mon,Naginimora,798622,Naginimora Hq
nagaland,Mon,Naginimora,798622,Tiru (Lower)
nagaland,Peren,Poilwa,797002,Poilwa
nagaland,Peren,Poilwa,797002,New Puilwa
nagaland,Peren,Poilwa,797002,Old Puilwa
nagaland,Peren,Mbaulwa,797101,Mbaulwa
nagaland,Peren,Peren,797101,Mpai (New)
nagaland,Peren,Peren,797101,Mpai (Old)
nagaland,Peren,Nchongram,797101,Nchangram
nagaland,Peren,Tening,797101,New Tesen
nagaland,Peren,Tening,797101,Nkialwa
nagaland,Peren,Tening,797101,Nzau (Old)
nagaland,Peren,Peren,797101,Peren Namdi
nagaland,Peren,Tening,797101,Tening Christ Vill
nagaland,Peren,Tening,797101,Tening Hq
nagaland,Peren,Tening,797101,Nkio (Old)
nagaland,Peren,Tening,797101,Old Tesen
nagaland,Peren,Peren,797101,Peren (New)
nagaland,Peren,Tening,797101,Azailong
nagaland,Peren,Peren,797101,Kipeujang
nagaland,Peren,Tening,797101,Tening
nagaland,Peren,Peren,797101,Ndunglwa
nagaland,Peren,Tening,797101,Upper Sinjol
nagaland,Peren,Tening,797101,Heiranglwa
nagaland,Peren,Tening,797101,Mbaupungwa
nagaland,Peren,Tening,797101,Nzau Namsan
nagaland,Peren,Peren,797101,Peren Hq
nagaland,Peren,Tening,797101,Tening (Old)
nagaland,Peren,Peren,797101,Peren (Old)
nagaland,Peren,Tening,797101,Tepun
nagaland,Peren,Peren,797101,Kendung
nagaland,Peren,Tening,797101,Ntu
nagaland,Peren,Peren,797101,Peletkie
nagaland,Peren,Peren,797101,Peren
nagaland,Peren,Moaikam,797103,Mhaikam
nagaland,Peren,Punglwa,797106,Punglwa
nagaland,Peren,Zalukie,797110,Dunki
nagaland,Peren,Jalukie B,797110,Jalukie B
nagaland,Peren,Zalukie,797110,Jalukie Lower Khel
nagaland,Peren,Jalukie B,797110,Jalukie Zangdi
nagaland,Peren,New Jalukie,797110,New Jalukie
nagaland,Peren,Zalukie,797110,Jalukie Upper Khel
nagaland,Peren,Zalukie,797110,Jalukielo
nagaland,Peren,Lilen,797110,Lilen
nagaland,Peren,Zalukie,797110,Mhai
nagaland,Peren,Zalukie,797110,Nkwareu
nagaland,Peren,Gaili,797110,Old Gaili
nagaland,Peren,Samjiuram,797110,Samzuram
nagaland,Peren,Zalukie,797110,Kejanglwa
nagaland,Peren,Zalukie,797110,Jalukie
nagaland,Peren,Mhainamtsi,797110,Mhainamtsi
nagaland,Peren,Zalukie,797110,Saijang
nagaland,Peren,Zalukie,797110,Libamphai
nagaland,Peren,Gaili,797110,New Gaili
nagaland,Peren,Zalukie,797110,Beisumpuikam
nagaland,Peren,Zalukie,797110,Dzukwaram
nagaland,Peren,Lilen,797110,Lilen B
nagaland,Peren,Jalukie B,797110,Jalukie (Old)
nagaland,Peren,Zalukie,797110,Jalukie Hq
nagaland,Peren,Zalukie,797110,Jalukie Sangtam
nagaland,Peren,Zalukie,797110,Phanjang
nagaland,Peren,Jalukiekam,797112,Jalukiekam
nagaland,Peren,Hening Kunglwa,797112,Heningkunglwa
nagaland,Phek,Chetheba,797104,Chetheba
nagaland,Phek,Chozuba,797104,Chozuba Hq
nagaland,Phek,Chozuba,797104,Khesomi
nagaland,Phek,Runguzumi,797104,Runguzumi Nasa
nagaland,Phek,Runguzumi,797104,Runguzumi Nawe
nagaland,Phek,Phugwu,797104,Ruzhazomi
nagaland,Phek,Dzulhami,797104,Dzulhami
nagaland,Phek,Phugwu,797104,Sekruzu
nagaland,Phek,Chozuba,797104,Chozuba
nagaland,Phek,Phugwu,797104,Khutsami
nagaland,Phek,Thenizumi,797104,Thenyizumi
nagaland,Phek,Chetheba,797104,Chetheba Hq
nagaland,Phek,Chozuba,797104,Chozuba Vill
nagaland,Phek,Chetheba,797104,Khulazu Basa
nagaland,Phek,Chetheba,797104,Khulazu Bawe
nagaland,Phek,Phugwu,797104,Sekrezu
nagaland,Phek,Phugwu,797104,Suthazu Nawe
nagaland,Phek,Phugwu,797104,Therhutsesemi
nagaland,Phek,Chetheba,797104,Chesezu Nasa
nagaland,Phek,Chetheba,797104,Chesezumi
nagaland,Phek,Phugwu,797104,Suthazu Nasa
nagaland,Phek,Thvophisumi,797104,Thevopisu
nagaland,Phek,Phugwu,797104,Phugwumi
nagaland,Phek,Yaribami,797104,Yoruba
nagaland,Phek,Sakraba,797107,Gidemi (Gozuto)
nagaland,Phek,Zavame,797107,zavame
nagaland,Phek,Zaketsa,797107,Leshemi
nagaland,Phek,Mesolumi,797107,Mesulumi
nagaland,Phek,Thechulumi,797107,Thechulumi
nagaland,Phek,Zavame,797107,Chobama
nagaland,Phek,Khezhakeno,797107,Khezhakeno
nagaland,Phek,Zavame,797107,Razieba
nagaland,Phek,Thipuzumi,797107,Thipuzu
nagaland,Phek,Khezhakeno,797107,Khezakeno Hq
nagaland,Phek,Kikruma,797107,Kikruma
nagaland,Phek,Zaketsa,797107,Lasumi
nagaland,Phek,Porba,797107,Pholami (Old)
nagaland,Phek,Phesachuduma,797107,Phusachodu
nagaland,Phek,Sakraba,797107,Sakraba
nagaland,Phek,Tekhouba,797107,Tekhouba
nagaland,Phek,Zaketsa,797107,Zuketsa
nagaland,Phek,Pfutsero,797107,Pfutsero
nagaland,Phek,Porba,797107,Porba
nagaland,Phek,Tekhouba,797107,Kami
nagaland,Phek,Tekhouba,797107,Lekromi
nagaland,Phek,Porba,797107,Pholami (New)
nagaland,Phek,Zavame,797107,zavema
nagaland,Phek,Zaketsa,797107,Zapami
nagaland,Phek,Zavame,797107,Zeluma
nagaland,Phek,Chizami Village,797107,Chizami Vill
nagaland,Phek,Khezhakeno,797107,Khezakeno Village
nagaland,Phek,Pfutsero,797107,Pfutsero Hq
nagaland,Phek,Sakraba,797107,Sakraba Hq
nagaland,Phek,Khuzami,797108,Kizare
nagaland,Phek,Old Phek,797108,Phek Old Town
nagaland,Phek,Ketsapo,797108,Ketsapo
nagaland,Phek,Khuzami,797108,Khuza
nagaland,Phek,Losami,797108,Losami
nagaland,Phek,Phek,797108,Phek Sadar
nagaland,Phek,Phek,797108,Surhoba
nagaland,Phek,Khuzami,797108,Suthotsu
nagaland,Phek,Old Phek,797108,Chosaba
nagaland,Phek,Khuzami,797108,Khutsokhuno
nagaland,Phek,Khuzami,797108,Kotisu
nagaland,Phek,Khuzami,797108,Lozaphumu
nagaland,Phek,Khuzami,797108,Metsale
nagaland,Phek,Khuzami,797108,Sohomi
nagaland,Phek,Khuzami,797108,Tezatse
nagaland,Phek,Luzaphuhu,797108,Lozaphumu
nagaland,Phek,Old Phek,797108,Phek Village
nagaland,Phek,Phek,797108,Upper Khomi
nagaland,Phek,Ketsapo,797108,Chiepoketa
nagaland,Phek,Phek,797108,Lower Khomi
nagaland,Phek,Middle Khomi,797108,Middle Khomi
nagaland,Phek,Old Phek,797108,Phek Basa
nagaland,Phek,Khuzami,797108,Satheri
nagaland,Phek,Khuzami,797108,Tehephu
nagaland,Phek,Meluri,797114,Khumisu
nagaland,Phek,Lephori,797114,Matikhru
nagaland,Phek,Pungkhuri,797114,Phokhungri
nagaland,Phek,Hutsu,797114,Wuzu
nagaland,Phek,Akhegwo,797114,Akhegwo
nagaland,Phek,Pungkhuri,797114,Phokhungri Vill
nagaland,Phek,Hutsu,797114,Phor
nagaland,Phek,Wazhiho,797114,Waziho Town
nagaland,Phek,Lephori,797114,Lephori
nagaland,Phek,Pungkhuri,797114,Letsami
nagaland,Phek,Meluri,797114,Meluri Hq
nagaland,Phek,Meluri,797114,Meluri Village
nagaland,Phek,Pungkhuri,797114,Phokhungri Hq
nagaland,Phek,Lephori,797114,Reguri
nagaland,Phek,Meluri,797114,Zipu
nagaland,Phek,Hutsu,797114,Kezatu
nagaland,Phek,Meluri,797114,Meluri
nagaland,Phek,Wazhiho,797114,Waziho
nagaland,Phek,Akhegwo,797114,Kukhegwo
nagaland,Phek,Pungkhuri,797114,Laruri
nagaland,Phek,Hutsu,797114,New Phor
nagaland,Phek,Pungkhuri,797114,Old Thewati
nagaland,Phek,Lephori,797114,Akhen
nagaland,Phek,Akhegwo,797114,New Akhegwe (UR)
nagaland,Phek,Meluri,797114,Washelo
nagaland,Phek,Pungkhuri,797114,Avankhu
nagaland,Phek,Hutsu,797114,Hutsu
nagaland,Phek,Lephori,797114,Kanjang
nagaland,Phek,Pungkhuri,797114,Mokie
nagaland,Phek,Lephori,797114,Mollen
nagaland,Phek,Pungkhuri,797114,New Thewati
nagaland,Phek,Hutsu,797114,Satuza
nagaland,Phek,Pungkhuri,797114,Sutsu
nagaland,Phek,Hutsu,797114,Yesi
nagaland,Tuensang,Chare,798601,Dikhu Village
nagaland,Tuensang,Tronger,798601,Longkhiphe
nagaland,Tuensang,Tronger,798601,New Tsadanger
nagaland,Tuensang,Tronger,798601,Kidding
nagaland,Tuensang,Chare,798601,Chare Village
nagaland,Tuensang,Chare,798601,Alisopur
nagaland,Tuensang,Tronger,798601,Tonglongsore S/Comp
nagaland,Tuensang,Chare,798601,Chare
nagaland,Tuensang,Chare,798601,Chare Hq
nagaland,Tuensang,Chare,798601,Chungli Yimti
nagaland,Tuensang,Tronger,798601,Longthrox S/Comp
nagaland,Tuensang,Chare,798601,Chare Old Town
nagaland,Tuensang,Tronger,798601,Old Tsadanger
nagaland,Tuensang,Tronger,798601,Tronger
nagaland,Tuensang,Tobu,798603,Tobu Village
nagaland,Tuensang,Amahatore,798611,Horonger
nagaland,Tuensang,Amahatore,798611,Inskur
nagaland,Tuensang,Seyochang,798611,Longya S/Comp
nagaland,Tuensang,Longmatra,798611,New Longmatra
nagaland,Tuensang,Sitimi,798611,Shothumi A
nagaland,Tuensang,Amahatore,798611,Amahator
nagaland,Tuensang,Kiphire,798611,Hutanger
nagaland,Tuensang,Seyochang,798611,Laya Compound Attached GREF
nagaland,Tuensang,Longmatra,798611,Longmatra
nagaland,Tuensang,Sitimi,798611,Lukhami
nagaland,Tuensang,Seyochang,798611,Muruti Zeha Seyochung Town GHS Comp
nagaland,Tuensang,Seyochang,798611,Old Monger
nagaland,Tuensang,Amahatore,798611,Risethsi (New)
nagaland,Tuensang,Longmatra,798611,Tsungaki Camp
nagaland,Tuensang,Seyochang,798611,Tsunger
nagaland,Tuensang,Amahatore,798611,Amahator Vill
nagaland,Tuensang,Amahatore,798611,Purrur
nagaland,Tuensang,Sitimi,798611,Shothumi B
nagaland,Tuensang,Seyochang,798611,Thangthur
nagaland,Tuensang,Seyochang,798611,Yangzitong
nagaland,Tuensang,Amahatore,798611,Amahator Hq
nagaland,Tuensang,Amahatore,798611,Changchor
nagaland,Tuensang,Seyochang,798611,Seyochung Hq
nagaland,Tuensang,Seyochang,798611,Seyochung S/Comp
nagaland,Tuensang,Longmatra,798611,Tetheyo
nagaland,Tuensang,Longmatra,798611,Tethezu
nagaland,Tuensang,Anatongere,798611,Anatanger
nagaland,Tuensang,Amahatore,798611,Keor
nagaland,Tuensang,Amahatore,798611,Kichang S/Comp
nagaland,Tuensang,Longmatra,798611,Longmatra Hq
nagaland,Tuensang,Longmatra,798611,Ngoromi
nagaland,Tuensang,Longmatra,798611,Samphur
nagaland,Tuensang,Seyochang,798611,Seyochung
nagaland,Tuensang,Sikur,798611,Sukiur A + B
nagaland,Tuensang,Kisethong,798611,Kisetong
nagaland,Tuensang,Phisami,798611,Phisami
nagaland,Tuensang,Seyochang,798611,New Monger
nagaland,Tuensang,Phisami,798611,Phisami S/Comp
nagaland,Tuensang,Pokhpur,798611,Pokphur
nagaland,Tuensang,Kiphire,798611,Pongrongru
nagaland,Tuensang,Kiphire,798611,Pungren
nagaland,Tuensang,Amahatore,798611,Resethsi (Old)
nagaland,Tuensang,Seyochang,798611,Seyochung Vill
nagaland,Tuensang,Sitimi,798611,Yingphire
nagaland,Tuensang,Kiphire,798611,Rurur A + B
nagaland,Tuensang,Longmatra,798611,Tsulote GREF Camp
nagaland,Tuensang,Chessore,798612,Aiponger
nagaland,Tuensang,Chingmei,798612,Chendang (Chungdang)
nagaland,Tuensang,Saramati,798612,Helipong
nagaland,Tuensang,Saramati,798612,Helipong Agri-Farm
nagaland,Tuensang,Chessore,798612,K.Longru U/R
nagaland,Tuensang,Thonokhunyu,798612,Kiusam
nagaland,Tuensang,Shamator,798612,Lasikiur
nagaland,Tuensang,Shamator,798612,Liangkonger
nagaland,Tuensang,Thonokhunyu,798612,Metonger
nagaland,Tuensang,Sangsanyu,798612,Momchung (Momching)
nagaland,Tuensang,Pangsha,798612,Pangsha (Old)
nagaland,Tuensang,Panso,798612,Panso Hq
nagaland,Tuensang,Sanglao,798612,Sanglao East
nagaland,Tuensang,Sanglao,798612,Sanglao West
nagaland,Tuensang,Thonokhunyu,798612,Thonoknyu Vill
nagaland,Tuensang,Thonokhunyu,798612,Wui
nagaland,Tuensang,Tuensang Village,798612,Yali
nagaland,Tuensang,Kuthur,798612,Chingmelen
nagaland,Tuensang,Huker,798612,Hukir
nagaland,Tuensang,Chessore,798612,K.Longsoru
nagaland,Tuensang,Sangsanyu,798612,Kejok
nagaland,Tuensang,Chessore,798612,Kiutsukiur
nagaland,Tuensang,Noksen,798612,Longra
nagaland,Tuensang,Noksen,798612,Longtang
nagaland,Tuensang,Pangsha,798612,Pangsha (New)
nagaland,Tuensang,Sangsanyu,798612,Sauchu
nagaland,Tuensang,Shamator,798612,Shamator
nagaland,Tuensang,Shiponger,798612,Shiponger
nagaland,Tuensang,Panso,798612,Tsuwao
nagaland,Tuensang,Shampur,798612,Yakore
nagaland,Tuensang,Chessore,798612,Chessore
nagaland,Tuensang,Panso,798612,Kengnyu
nagaland,Tuensang,Panso,798612,Lengnyu
nagaland,Tuensang,Sangsanyu,798612,Maksha (Muksha)
nagaland,Tuensang,Thonokhunyu,798612,New Throngsonyu
nagaland,Tuensang,Noksen,798612,Noksen Village
nagaland,Tuensang,Shampur,798612,Sangphur
nagaland,Tuensang,Sangsanyu,798612,Sangsangnyu
nagaland,Tuensang,Thonokhunyu,798612,Thongsonyu
nagaland,Tuensang,Thonokhunyu,798612,Thonoknyu Hq
nagaland,Tuensang,Panso,798612,Yakhao
nagaland,Tuensang,Shamator,798612,Chassir
nagaland,Tuensang,Chessore,798612,Chessore Vill
nagaland,Tuensang,Thonokhunyu,798612,Chipur
nagaland,Tuensang,Choklangan,798612,Choklangan
nagaland,Tuensang,Thonokhunyu,798612,Kenjong
nagaland,Tuensang,Chessore,798612,Kephore
nagaland,Tuensang,Sangsanyu,798612,Konya
nagaland,Tuensang,Sangsanyu,798612,Nyinyim
nagaland,Tuensang,Thonokhunyu,798612,Pang
nagaland,Tuensang,Panso,798612,Panso
nagaland,Tuensang,Panso,798612,Panso B
nagaland,Tuensang,Sangsanyu,798612,Thimlak Fishery Farm
nagaland,Tuensang,Shamator,798612,Waphur
nagaland,Tuensang,Chingmei,798612,Chendang Saddle
nagaland,Tuensang,Thonokhunyu,798612,Chikiponger
nagaland,Tuensang,Tuensang Village,798612,Hak
nagaland,Tuensang,Saramati,798612,Khudei
nagaland,Tuensang,Sangsanyu,798612,Sangchen Compound
nagaland,Tuensang,Thonokhunyu,798612,Thoktsur
nagaland,Tuensang,Thonokhunyu,798612,Thonoknyu
nagaland,Tuensang,Shamator,798612,Tsurungto HQ
nagaland,Tuensang,Tuensang,798612,Tuensang Sadar
nagaland,Tuensang,Saramati,798612,3rd NAP BN
nagaland,Tuensang,Thonokhunyu,798612,Chilliso
nagaland,Tuensang,Chingmei,798612,Chingmei
nagaland,Tuensang,Sangsanyu,798612,Hakchang
nagaland,Tuensang,Thonokhunyu,798612,Kingphu
nagaland,Tuensang,Thonokhunyu,798612,Kiusam Hq
nagaland,Tuensang,Thonokhunyu,798612,Kiusam Vill
nagaland,Tuensang,Sotokur,798612,Longtoker (Longtokur)
nagaland,Tuensang,Thonokhunyu,798612,Longtsunger
nagaland,Tuensang,Sangsanyu,798612,Ngounchung
nagaland,Tuensang,Nokhu,798612,Nokhu
nagaland,Tuensang,Noksen,798612,Noksen
nagaland,Tuensang,Noksen,798612,Noksen Hq
nagaland,Tuensang,Pessu,798612,Peshu
nagaland,Tuensang,Shamator,798612,Shamator N.A.P Post
nagaland,Tuensang,Sotokur,798612,Sotokur
nagaland,Tuensang,Shamator,798612,Tsurungto
nagaland,Tuensang,Chessore,798612,Y.Anner Vill
nagaland,Tuensang,Kongsang,798612,Yangpi (Kongsang)
nagaland,Tuensang,Noksen,798612,Yongyu
nagaland,Tuensang,Noksen,798612,Yukumsang S/Comp
nagaland,Tuensang,Tuensang Village,798612,Bodampu
nagaland,Tuensang,Chessore,798612,Chessore Hq
nagaland,Tuensang,Kuthur,798612,Kuthur
nagaland,Tuensang,Sangsanyu,798612,Lokong (Logong)
nagaland,Tuensang,Shamator,798612,Muleangkiur
nagaland,Tuensang,Panso,798612,Panso A
nagaland,Tuensang,Tuensang Village,798612,Santak
nagaland,Tuensang,Shamator,798612,Shamator Village
nagaland,Tuensang,Shamator,798612,Shamator Hq
nagaland,Tuensang,Tuensang Village,798612,Bhumpak
nagaland,Tuensang,Thonokhunyu,798612,Chichi (New Peshu) (UR)
nagaland,Tuensang,Noksen,798612,Kumpong
nagaland,Tuensang,Noksen,798612,Litem
nagaland,Tuensang,Sangsanyu,798612,Nakshu
nagaland,Tuensang,Saramati,798612,Ngangpong
nagaland,Tuensang,Thonokhunyu,798612,Sangkumti
nagaland,Tuensang,Noksen,798612,Sangtsung
nagaland,Tuensang,Thonokhunyu,798612,Throngsonyu
nagaland,Tuensang,Tuensang Village,798612,Tuensang Village
nagaland,Tuensang,Chingmei,798612,Yimpang
nagaland,Tuensang,Longkhim,798616,Holongba
nagaland,Tuensang,Longkhim,798616,Lirise
nagaland,Tuensang,Yangli,798616,Lithsami
nagaland,Tuensang,Longkhim,798616,Amahator Hq
nagaland,Tuensang,Chungtore,798616,Chungtore
nagaland,Tuensang,Longkhim,798616,Pungren
nagaland,Tuensang,Longkhim,798616,Chungtore
nagaland,Tuensang,Longkhim,798616,Inskur
nagaland,Tuensang,Longkhim,798616,Kisetong
nagaland,Tuensang,Longkhim,798616,Lithsami
nagaland,Tuensang,Longkhim,798616,New Longmatra
nagaland,Tuensang,Longkhim,798616,Old Mangakhi
nagaland,Tuensang,Longkhim,798616,Purrur
nagaland,Tuensang,Longkhim,798616,Tetheyo
nagaland,Tuensang,Longkhim,798616,Tethezu
nagaland,Tuensang,Longkhim,798616,Angangba
nagaland,Tuensang,Longkhim,798616,Sibongsang
nagaland,Tuensang,Longkhim,798616,Yangli Mission Centre
nagaland,Tuensang,Longkhim,798616,Amahator Vill
nagaland,Tuensang,Longkhim,798616,Chimonger
nagaland,Tuensang,Longkhim,798616,Longmatra Hq
nagaland,Tuensang,Yangli,798616,New Mangakhi
nagaland,Tuensang,Longkhim,798616,Ngoromi
nagaland,Tuensang,Longkhim,798616,Samphur
nagaland,Tuensang,Longkhim,798616,Sangsomong
nagaland,Tuensang,Longkhim,798616,Tsulote GREF Camp
nagaland,Tuensang,Angangba,798616,Angangba
nagaland,Tuensang,Chimonger,798616,Chimonger
nagaland,Tuensang,Longkhim,798616,Horonger
nagaland,Tuensang,Longkhim,798616,Longkhim
nagaland,Tuensang,Longkhim,798616,Longkhim Hq
nagaland,Tuensang,Longkhim,798616,Longmatra
nagaland,Tuensang,Longkhim,798616,Phirahir
nagaland,Tuensang,Longkhim,798616,Resethsi (Old)
nagaland,Tuensang,Longkhim,798616,Tsungaki Camp
nagaland,Tuensang,Yangli,798616,Yangli Mission Centre
nagaland,Tuensang,Longkhim,798616,Keor
nagaland,Tuensang,Longkhim,798616,Kichang S/Comp
nagaland,Tuensang,Chimonger,798616,Yimrup
nagaland,Tuensang,Longkhim,798616,Amahator
nagaland,Tuensang,Longkhim,798616,Changchor
nagaland,Tuensang,Longkhim,798616,New Mangakhi
nagaland,Tuensang,Yangli,798616,Old Mangakhi
nagaland,Tuensang,Longkhim,798616,Risethsi (New)
nagaland,Tuensang,Yongyak,798625,Tangha
nagaland,Tuensang,Yongyak,798625,Yongam
nagaland,Tuensang,Yongyak,798625,Nian
nagaland,Tuensang,Yongyak,798625,Yongya
nagaland,Tuensang,Yongyak,798625,Yongya Village
nagaland,Tuensang,Yachem,798625,Yongshei
nagaland,Tuensang,Yongyak,798625,Yotan S/Comp
nagaland,Tuensang,Yongyak,798625,Yongya Hq
nagaland,Wokha,Bhandari,797099,Bhandari Hq
nagaland,Wokha,Aitepyong,797111,Aitepyong
nagaland,Wokha,Aitepyong,797111,Akuk (New)
nagaland,Wokha,Nyiro,797111,Longsachung
nagaland,Wokha,Wozhru,797111,Phiro New (UR)
nagaland,Wokha,Lotsu,797111,Pyochu
nagaland,Wokha,Sanis,797111,Sanis Hq
nagaland,Wokha,Tsungtsutong,797111,Tsungtsutong
nagaland,Wokha,Englan,797111,Englan S/Comp
nagaland,Wokha,Humtsu,797111,Humtso
nagaland,Wokha,Lotsu,797111,Lotsu
nagaland,Wokha,Nyiro,797111,Niryo
nagaland,Wokha,Englan,797111,Rephyim (New)
nagaland,Wokha,Wozhru,797111,Shaki
nagaland,Wokha,Wozhru,797111,Wozhuro Hq
nagaland,Wokha,Longtsung,797111,Chudi
nagaland,Wokha,Nyiro,797111,Longla
nagaland,Wokha,Sungro,797111,Okotso
nagaland,Wokha,Englan,797111,Changsu (New)
nagaland,Wokha,Englan,797111,Changsu (Old)
nagaland,Wokha,Chukitong,797111,Chukitong
nagaland,Wokha,Aitepyong,797111,Lakhuti
nagaland,Wokha,Chukitong,797111,Longyim
nagaland,Wokha,Lotsu,797111,Lotsu Vill
nagaland,Wokha,Moilan,797111,Moilan
nagaland,Wokha,Pangti,797111,Pangti
nagaland,Wokha,Lotsu,797111,Pyangsa
nagaland,Wokha,Baghty,797111,Baghty
nagaland,Wokha,Aitepyong,797111,Chanaka
nagaland,Wokha,Elumnyu,797111,Elumyo
nagaland,Wokha,Sanis,797111,Meshangpen
nagaland,Wokha,Lotsu,797111,Morokjo
nagaland,Wokha,Chukitong,797111,Nungying
nagaland,Wokha,Wozhru,797111,Soke
nagaland,Wokha,Sungro,797111,Sungro
nagaland,Wokha,Sanis,797111,Tsopo
nagaland,Wokha,Wokha,797111,Wokha Sadar
nagaland,Wokha,Nyiro,797111,Yankha
nagaland,Wokha,Aitepyong,797111,Akuk (Old)
nagaland,Wokha,Wozhru,797111,Sankiton
nagaland,Wokha,Sanis,797111,Sunglup
nagaland,Wokha,Wokha Village,797111,Wokha Vill
nagaland,Wokha,Nyiro,797111,Yanthamo
nagaland,Wokha,Aitepyong,797111,Aitepyong Station
nagaland,Wokha,Chukitong,797111,Kolo
nagaland,Wokha,Mekhukla,797111,Mekokla
nagaland,Wokha,Chukitong,797111,Mungya
nagaland,Wokha,Nyiro,797111,Nyru S/Comp
nagaland,Wokha,Wozhru,797111,Phiro
nagaland,Wokha,Pongitong,797111,Pongitong
nagaland,Wokha,Sanis,797111,Sanis
nagaland,Wokha,Sanis,797111,Sanis Vill
nagaland,Wokha,Chukitong,797111,Seluku
nagaland,Wokha,Sungro,797111,Sungro Station
nagaland,Wokha,Baghty,797111,Upper Baghty
nagaland,Wokha,Wozhru,797111,Wozhuro
nagaland,Wokha,Baghty,797111,Baghty Hq
nagaland,Wokha,Tsungtsutong,797111,Longsa
nagaland,Wokha,Longtsung,797111,Longtsung
nagaland,Wokha,Lotsu,797111,Lotsu Hq
nagaland,Wokha,N. Longidong,797111,N.Longidang
nagaland,Wokha,Englan,797111,Rephyim (Old)
nagaland,Wokha,Chukitong,797111,Tsungiki
nagaland,Wokha,Wokha,797111,Vankhosung
nagaland,Wokha,Yamhon,797111,Yamhon (New)
nagaland,Wokha,Yamhon,797111,Yamhon (Old)
nagaland,Wokha,Yikhum,797111,Yikhum
nagaland,Wokha,Sanis,797111,Yonchicho
nagaland,Wokha,Ralan,797112,Ralan (New)
nagaland,Wokha,Ralan,797112,Ralan
nagaland,Wokha,Ralan,797112,Ralan (Old)
nagaland,Wokha,Ralan,797112,Ralan Hq
nagaland,Wokha,Yampha,797112,Yampha
nagaland,Wokha,Arree Old,798601,Aree (Old)
nagaland,Wokha,Arree Old,798601,Aree (New)
nagaland,Zunhebotto,Chozuba,797104,Ighanumi
nagaland,Zunhebotto,Kilomi,797104,Kilomi
nagaland,Zunhebotto,Kilomi,797104,Khughutomi
nagaland,Zunhebotto,Mishilimi,797105,Mishilimi
nagaland,Zunhebotto,Asukika,797109,Asukiqa
nagaland,Zunhebotto,Asukika,797109,Ghokhumi
nagaland,Zunhebotto,Lazami,797109,Lazami
nagaland,Zunhebotto,Pughoboto,797109,Poneboqa
nagaland,Zunhebotto,Asukika,797109,Tsaphimi
nagaland,Zunhebotto,Pughoboto,797109,Pughoboto
nagaland,Zunhebotto,Ghathashi,797109,Ghathashi
nagaland,Zunhebotto,Pughoboto,797109,Pughoboto Hq
nagaland,Zunhebotto,Pughoboto,797109,Natsumi
nagaland,Zunhebotto,Asukika,797109,Kitami
nagaland,Zunhebotto,Zubza,797120,Yezami
nagaland,Zunhebotto,V. K. Town,798601,Litta (New)
nagaland,Zunhebotto,V. K. Town,798601,Mukhami
nagaland,Zunhebotto,V. K. Town,798601,Phishumi
nagaland,Zunhebotto,V. K. Town,798601,Sastami
nagaland,Zunhebotto,V. K. Town,798601,Maromi
nagaland,Zunhebotto,V. K. Town,798601,V.K. Hq
nagaland,Zunhebotto,V. K. Town,798601,Izheto
nagaland,Zunhebotto,V. K. Town,798601,V.K
nagaland,Zunhebotto,V. K. Town,798601,Ajiqami
nagaland,Zunhebotto,V. K. Town,798601,Litta (Old)
nagaland,Zunhebotto,Asuto,798620,Achikuchu A
nagaland,Zunhebotto,Atoizu,798620,Apukito
nagaland,Zunhebotto,Asuto,798620,Asuto Vill
nagaland,Zunhebotto,Zunheboto,798620,Ghukiye
nagaland,Zunhebotto,Satoi,798620,Hokiye
nagaland,Zunhebotto,Satoi,798620,Itovi
nagaland,Zunhebotto,Satakha,798620,Khukiye
nagaland,Zunhebotto,Atoizu,798620,Kitsakita
nagaland,Zunhebotto,Suruhuto,798620,Kiyetha
nagaland,Zunhebotto,Atoizu,798620,Litsami
nagaland,Zunhebotto,Zunheboto,798620,Lizu (New)
nagaland,Zunhebotto,Satami,798620,Melahumi
nagaland,Zunhebotto,Satami,798620,Ngozubomi
nagaland,Zunhebotto,Satakha,798620,Nunumi
nagaland,Zunhebotto,Suruhuto,798620,Phuye (Old)
nagaland,Zunhebotto,Atoizu,798620,Roto (New)
nagaland,Zunhebotto,Satakha,798620,Satakha
nagaland,Zunhebotto,Aghunato,798620,Shitsumi
nagaland,Zunhebotto,Suruhuto,798620,Suruhuto Hq
nagaland,Zunhebotto,Satoi,798620,Tsuruhu
nagaland,Zunhebotto,Aghunato,798620,Tsutha Hydel Project
nagaland,Zunhebotto,Suruhuto,798620,Vedami
nagaland,Zunhebotto,Zunheboto,798620,Xukhepu (Kokhepu)
nagaland,Zunhebotto,Suruhuto,798620,Yehemi
nagaland,Zunhebotto,Satakha,798620,Zhekiye
nagaland,Zunhebotto,Aghunato,798620,Akubami (Old)
nagaland,Zunhebotto,Akuhaito,798620,Akuhaito H.S.Comp
nagaland,Zunhebotto,Asukuto,798620,Asukhuto
nagaland,Zunhebotto,Atoizu,798620,Atoizu
nagaland,Zunhebotto,Satakha,798620,Ghokhuye
nagaland,Zunhebotto,Tokiye,798620,Khetoi
nagaland,Zunhebotto,Asuto,798620,Khumishi A
nagaland,Zunhebotto,Asuto,798620,Khumishi B
nagaland,Zunhebotto,Asuto,798620,Koiboto
nagaland,Zunhebotto,Zunheboto,798620,Lochomi
nagaland,Zunhebotto,Atoizu,798620,Lokobomi
nagaland,Zunhebotto,Satakha,798620,Lukhai
nagaland,Zunhebotto,Atoizu,798620,Naghuto (Old)
nagaland,Zunhebotto,Zunheboto,798620,Natha (Old)
nagaland,Zunhebotto,Atoizu,798620,Roto (Old)
nagaland,Zunhebotto,Satakha,798620,Saptiqa
nagaland,Zunhebotto,Zunheboto,798620,Sheipu
nagaland,Zunhebotto,Satakha,798620,Shoixe
nagaland,Zunhebotto,Zunheboto,798620,Sukhalu
nagaland,Zunhebotto,Asuto,798620,Tazuhumi
nagaland,Zunhebotto,Tokiye,798620,Thokihimi
nagaland,Zunhebotto,Tokiye,798620,Tokiye
nagaland,Zunhebotto,Aghunato,798620,Zheishe
nagaland,Zunhebotto,Zunheboto,798620,Zunheboto Sadar
nagaland,Zunhebotto,Aghunato,798620,Achikuchu A
nagaland,Zunhebotto,Asuto,798620,Achikuchu B
nagaland,Zunhebotto,Aghunato,798620,Aghulitomi
nagaland,Zunhebotto,Zunheboto,798620,Aghunato
nagaland,Zunhebotto,Suruhuto,798620,Aichisanghemi (S)
nagaland,Zunhebotto,Aghunato,798620,Akuluto
nagaland,Zunhebotto,Atoizu,798620,Emlomi
nagaland,Zunhebotto,Aghunato,798620,Ghokishe
nagaland,Zunhebotto,Zunheboto,798620,Kawoto B
nagaland,Zunhebotto,Aghunato,798620,Keltomi
nagaland,Zunhebotto,Tokiye,798620,Khukishe
nagaland,Zunhebotto,Kichilimi,798620,Kichilimi
nagaland,Zunhebotto,Zunheboto,798620,Lizu Aviqato
nagaland,Zunhebotto,Satami,798620,Lizutomi
nagaland,Zunhebotto,Aghunato,798620,Lotisami (Old)
nagaland,Zunhebotto,Aghunato,798620,Lukhuyimi
nagaland,Zunhebotto,Zunheboto,798620,Natha (New)
nagaland,Zunhebotto,Atoizu,798620,Philimi
nagaland,Zunhebotto,Aghunato,798620,Phuleshetomi
nagaland,Zunhebotto,Satami,798620,Satami
nagaland,Zunhebotto,Satoi,798620,Thakiye
nagaland,Zunhebotto,Aghunato,798620,Tsukomi
nagaland,Zunhebotto,Satoi,798620,Tsutoho
nagaland,Zunhebotto,Tokiye,798620,Viyilho
nagaland,Zunhebotto,Satakha,798620,Xamunuboto S/Comp
nagaland,Zunhebotto,Atoizu,798620,Yesholtomi
nagaland,Zunhebotto,Satami,798620,Aghulitomi
nagaland,Zunhebotto,Aghunato,798620,Aghunato
nagaland,Zunhebotto,Suruhuto,798620,Aichisanghemi (N)
nagaland,Zunhebotto,Asukuto,798620,Atoizu Hq
nagaland,Zunhebotto,Hosephu,798620,Hoshepu S/Comp
nagaland,Zunhebotto,Asuto,798620,Kathara
nagaland,Zunhebotto,Hosephu,798620,Khewoto
nagaland,Zunhebotto,Aghunato,798620,Livishe (Old)
nagaland,Zunhebotto,Aghunato,798620,Luthsumi
nagaland,Zunhebotto,Satakha,798620,Satakha Hq
nagaland,Zunhebotto,Satoi,798620,Satoi Hq
nagaland,Zunhebotto,Satakha,798620,Sena (New)
nagaland,Zunhebotto,Aghunato,798620,Shevishe
nagaland,Zunhebotto,Aghunato,798620,Sumi Shitsu
nagaland,Zunhebotto,Suruhuto,798620,Suruhuto
nagaland,Zunhebotto,Asuto,798620,T.Island S/Comp
nagaland,Zunhebotto,Tokiye,798620,Ticheze (Tokiye)
nagaland,Zunhebotto,Satakha,798620,Tukunasami
nagaland,Zunhebotto,Atoizu,798620,Vekuho (New)
nagaland,Zunhebotto,Satakha,798620,Vishepu
nagaland,Zunhebotto,Satakha,798620,Xuivi
nagaland,Zunhebotto,Asuto,798620,Yevishe
nagaland,Zunhebotto,Zunheboto,798620,Zungti
nagaland,Zunhebotto,Aghunato,798620,Achikuchu B
nagaland,Zunhebotto,Tokiye,798620,Aghiyilimi
nagaland,Zunhebotto,Aghunato,798620,Aghunato Hq
nagaland,Zunhebotto,Zunheboto,798620,Baimho
nagaland,Zunhebotto,Aghunato,798620,Hoshepu
nagaland,Zunhebotto,Aghunato,798620,Lumami
nagaland,Zunhebotto,Satami,798620,Melahumi
nagaland,Zunhebotto,Satami,798620,Nihoshe (N)
nagaland,Zunhebotto,Satami,798620,Nizhevi
nagaland,Zunhebotto,Suruhuto,798620,Phuye (New)
nagaland,Zunhebotto,Saghemi,798620,saghemi
nagaland,Zunhebotto,Suruhuto,798620,Sapotimi
nagaland,Zunhebotto,Zunheboto,798620,Shotomi
nagaland,Zunhebotto,Satakha,798620,Sukhai
nagaland,Zunhebotto,Atoizu,798620,Sukomi
nagaland,Zunhebotto,Asukhomi,798620,Asukhomi
nagaland,Zunhebotto,Asuto,798620,Asuto
nagaland,Zunhebotto,Zunheboto,798620,Hekiye
nagaland,Zunhebotto,Satakha,798620,Hoishe
nagaland,Zunhebotto,Satoi,798620,Kheshito
nagaland,Zunhebotto,Suruhuto,798620,Kholeboto
nagaland,Zunhebotto,Satami,798620,Kitahumi
nagaland,Zunhebotto,Satakha,798620,Kivikhu
nagaland,Zunhebotto,Zunheboto,798620,Lizu (Old)
nagaland,Zunhebotto,Zunheboto,798620,Lizu Naghuto
nagaland,Zunhebotto,Aghunato,798620,Lotisami (New)
nagaland,Zunhebotto,Aghunato,798620,Lukikhe
nagaland,Zunhebotto,Aghunato,798620,Luvishe (New)
nagaland,Zunhebotto,Suruhuto,798620,Naltoqa
nagaland,Zunhebotto,Satoi,798620,Satoi Vill
nagaland,Zunhebotto,Aghunato,798620,Shichimi
nagaland,Zunhebotto,Asuto,798620,Tuzuhumi
nagaland,Zunhebotto,Satakha,798620,Usutomi
nagaland,Zunhebotto,Tokiye,798620,Viyixe
nagaland,Zunhebotto,Zunheboto,798620,Yemishe
nagaland,Zunhebotto,Asuto,798620,Yeshito
nagaland,Zunhebotto,Aghunato,798620,Zaphumi
nagaland,Zunhebotto,Aghunato,798620,Aghiyilimi
nagaland,Zunhebotto,Aghunato,798620,Akubami (New)
nagaland,Zunhebotto,Atoizu,798620,Awotsakilimi
nagaland,Zunhebotto,Hosephu,798620,Hoshepu
nagaland,Zunhebotto,Satoi,798620,Ikiye
nagaland,Zunhebotto,Satoi,798620,Khuvuxu
nagaland,Zunhebotto,Satakha,798620,Kiyekhu
nagaland,Zunhebotto,Zunheboto,798620,Kokhepu-Kulhopu
nagaland,Zunhebotto,Aghunato,798620,Lumthsami
nagaland,Zunhebotto,Zunheboto,798620,New Land
nagaland,Zunhebotto,Hosephu,798620,Nihoshe (S)
nagaland,Zunhebotto,Satakha,798620,Satakha Vill
nagaland,Zunhebotto,Satakha,798620,Sena (Old)
nagaland,Zunhebotto,Surumi,798620,Surumi
nagaland,Zunhebotto,Aghunato,798620,Sutemi
nagaland,Zunhebotto,Atoizu,798620,Vekuho (Old)
nagaland,Zunhebotto,Tokiye,798620,Yezashimi
nagaland,Zunhebotto,Satakha,798620,Aghutito S/Comp
nagaland,Zunhebotto,Asuto,798620,Akhakhu
nagaland,Zunhebotto,Asuto,798620,Asuto Hq
nagaland,Zunhebotto,Asuto,798620,Atunakugha
nagaland,Zunhebotto,Satoi,798620,Ghokhuvi
nagaland,Zunhebotto,Zunheboto,798620,Kawoto A
nagaland,Zunhebotto,Asukuto,798620,Khehoshe (Politechnic)
nagaland,Zunhebotto,Hosephu,798620,Khekiye
nagaland,Zunhebotto,Akuhaito,798620,Khrimtomi
nagaland,Zunhebotto,Asuto,798620,Kikhevi
nagaland,Zunhebotto,Satakha,798620,Momi
nagaland,Zunhebotto,Atoizu,798620,Naghuto (New)
nagaland,Zunhebotto,Zunheboto,798620,Nikuto
nagaland,Zunhebotto,Satami,798620,Sahuboto S/Comp
nagaland,Zunhebotto,Satoi,798620,Satoi
nagaland,Zunhebotto,Satakha,798620,Shoipu
nagaland,Zunhebotto,Suruhuto,798620,Tichipami
nagaland,Zunhebotto,Suruhuto,798620,Zhekuto
nagaland,Zunhebotto,Lumami,798627,Lumami
nagaland,Zunhebotto,Lumami,798627,Sumi Shitsu
nagaland,Zunhebotto,Aizuto,798627,Aizuto Mission Centre
nagaland,Zunhebotto,Aizuto,798627,Shitsumi
nagaland,Zunhebotto,Lumami,798627,Zaphumi