tripura,Dhalai,Ratia,799203,b ch. para
tripura,Dhalai,Paschim Santinagar,799203,baraiguta
tripura,Dhalai,Ramdayal Lendless Colony,799203,deb/para
tripura,Dhalai,Ramdayal Lendless Colony,799203,dulaliabari
tripura,Dhalai,Tablabari,799203,gujankha
tripura,Dhalai,Kalyanpur T. E,799203,kalyanpur t. e
tripura,Dhalai,Kalyanpur T. E,799203,kathalbarivill
tripura,Dhalai,Paschim Santinagar,799203,mukta ch. para
tripura,Dhalai,Tablabari,799203,nayakhalipara
tripura,Dhalai,Paschim Santinagar,799203,pascim santinagar
tripura,Dhalai,Kalyanpur T. E,799203,purantila
tripura,Dhalai,Ramdayal Lendless Colony,799203,ramdayal llc
tripura,Dhalai,Ratia,799203,s k para
tripura,Dhalai,Ramdayal Lendless Colony,799203,s-d-b-bari
tripura,Dhalai,Ramdayal Lendless Colony,799203,suvanandapara
tripura,Dhalai,Ratia,799203,t-daspara
tripura,Dhalai,Tablabari,799203,tilabari
tripura,Dhalai,Ratia,799203,uttarparavill
tripura,Dhalai,Ratia,799203,g r para
tripura,Dhalai,Tablabari,799203,ghanimara
tripura,Dhalai,Paschim Kunjaban,799203,kimnagar
tripura,Dhalai,Ratia,799203,mundapara
tripura,Dhalai,Paschim Santinagar,799203,subalkr. para
tripura,Dhalai,Tablabari,799203,amar colony vill
tripura,Dhalai,Tablabari,799203,batheka
tripura,Dhalai,Paschim Santinagar,799203,brajabasipara
tripura,Dhalai,Paschim Kunjaban,799203,dakshin tila
tripura,Dhalai,Tablabari,799203,dephtabari
tripura,Dhalai,Kalyanpur T. E,799203,g-shilpara
tripura,Dhalai,Kalyanpur T. E,799203,gourarmat
tripura,Dhalai,Ramdayal Lendless Colony,799203,k-khayerpur bazar area
tripura,Dhalai,Ratia,799203,madhyapara
tripura,Dhalai,Paschim Kunjaban,799203,monipuripara
tripura,Dhalai,Paschim Santinagar,799203,purnadasparavill
tripura,Dhalai,Ratia,799203,s-durgapur
tripura,Dhalai,Tablabari,799203,tabla bari
tripura,Dhalai,Kalyanpur T. E,799203,utlabasti
tripura,Dhalai,Tablabari,799203,uttarpara
tripura,Dhalai,Ratia,799203,bazartila
tripura,Dhalai,Ratia,799203,colony
tripura,Dhalai,Tablabari,799203,hatat colony
tripura,Dhalai,Kalyanpur T. E,799203,kalibaiside
tripura,Dhalai,Paschim Kunjaban,799203,kalibariroad
tripura,Dhalai,Paschim Kunjaban,799203,kanaktila
tripura,Dhalai,Paschim Santinagar,799203,krishna ch.para
tripura,Dhalai,Ramdayal Lendless Colony,799203,m-pb-para
tripura,Dhalai,Kalyanpur T. E,799203,mardhabasti
tripura,Dhalai,Paschim Kunjaban,799203,paschim tila
tripura,Dhalai,Paschim Santinagar,799203,ratiahour
tripura,Dhalai,Paschim Kunjaban,799203,schoolpara
tripura,Dhalai,Paschim Santinagar,799203,sukhaidupara
tripura,Dhalai,Ramdayal Lendless Colony,799203,tilabarivill
tripura,Dhalai,Kalyanpur T. E,799203,baganbazar
tripura,Dhalai,Kalyanpur T. E,799203,bangla howr
tripura,Dhalai,Ramdayal Lendless Colony,799203,biswach. para
tripura,Dhalai,Ramdayal Lendless Colony,799203,chakraibari
tripura,Dhalai,Paschim Kunjaban,799203,dasparavil
tripura,Dhalai,Paschim Santinagar,799203,garupara
tripura,Dhalai,Paschim Santinagar,799203,hazaripara
tripura,Dhalai,Tablabari,799203,maij bondar
tripura,Dhalai,Paschim Santinagar,799203,maybikrampara
tripura,Dhalai,Ramdayal Lendless Colony,799203,nandalong
tripura,Dhalai,Paschim Kunjaban,799203,rambabupara
tripura,Dhalai,Paschim Santinagar,799203,ramdulalpara
tripura,Dhalai,Ramdayal Lendless Colony,799203,das/para
tripura,Dhalai,Tablabari,799203,daspara
tripura,Dhalai,Tablabari,799203,ghilatalighat
tripura,Dhalai,Ramdayal Lendless Colony,799203,indra ch. para
tripura,Dhalai,Ratia,799203,m ch. para
tripura,Dhalai,Ramdayal Lendless Colony,799203,manipuri/para
tripura,Dhalai,Tablabari,799203,maymansinghpara
tripura,Dhalai,Ramdayal Lendless Colony,799203,silbari
tripura,Dhalai,Tablabari,799203,totabari
tripura,Dhalai,Tablabari,799203,totabari paschim
tripura,Dhalai,Kalyanpur T. E,799203,7-9-tila
tripura,Dhalai,Kalyanpur T. E,799203,banglatila
tripura,Dhalai,Paschim Santinagar,799203,barachara
tripura,Dhalai,Ratia,799203,h-daspara
tripura,Dhalai,Paschim Santinagar,799203,kalabazar
tripura,Dhalai,Tablabari,799203,kamalnagar
tripura,Dhalai,Ratia,799203,palpara
tripura,Dhalai,Paschim Kunjaban,799203,paschim kunjaban
tripura,Dhalai,Ramdayal Lendless Colony,799203,r-selatman colony
tripura,Dhalai,Ratia,799203,ratia
tripura,Dhalai,Ratia,799203,ratia vill
tripura,Dhalai,Paschim Santinagar,799203,sarattakurpara
tripura,Dhalai,Kalyanpur T. E,799203,sasanghat
tripura,Dhalai,Paschim Santinagar,799203,sonachara
tripura,Dhalai,Kalyanpur T. E,799203,anandatila
tripura,Dhalai,Ramdayal Lendless Colony,799203,baliartila
tripura,Dhalai,Paschim Santinagar,799203,bhumihinpara
tripura,Dhalai,Paschim Kunjaban,799203,digirpar
tripura,Dhalai,Kalyanpur T. E,799203,furllatila
tripura,Dhalai,Ratia,799203,g s para
tripura,Dhalai,Paschim Santinagar,799203,gurucharanpara
tripura,Dhalai,Kalyanpur T. E,799203,madelineb te
tripura,Dhalai,Tablabari,799203,raidasipara
tripura,Dhalai,Balarambazar,799204,Balaram Bazar
tripura,Dhalai,Kulaibazar,799204,Bhowlia Basti
tripura,Dhalai,Kulaibazar,799204,Hospital road
tripura,Dhalai,Nalicherra,799204,Morhi Mog Para
tripura,Dhalai,Balarambazar,799204,Paschim Balaram G.P
tripura,Dhalai,Balarambazar,799204,Purba Balaram G.P
tripura,Dhalai,Nalicherra,799204,Sambhurampara
tripura,Dhalai,Kulaibazar,799204,Kulai R.F. (Extn.)
tripura,Dhalai,Nalicherra,799204,Ram kr Debbarmapara
tripura,Dhalai,Nalicherra,799204,Tani mog para
tripura,Dhalai,Balarambazar,799204,Bagmara
tripura,Dhalai,Nalicherra,799204,Bhumihin Colony
tripura,Dhalai,Kulaibazar,799204,Garo basti
tripura,Dhalai,Kulaibazar,799204,Kachinchara
tripura,Dhalai,Kulaibazar,799204,Kulai R.F
tripura,Dhalai,Kulaibazar,799204,Nabagram
tripura,Dhalai,Kulaibazar,799204,Pustaraipara
tripura,Dhalai,Nalicherra,799204,Sudharampara
tripura,Dhalai,Nalicherra,799204,Hathangpara
tripura,Dhalai,Balarambazar,799204,Latiachhara
tripura,Dhalai,Kulaibazar,799204,Harinmara
tripura,Dhalai,Kulaibazar,799204,Kulai Bazar (South)
tripura,Dhalai,Nalicherra,799204,Paschim Nalichera G.P
tripura,Dhalai,Kulaibazar,799204,Purbanalicherra
tripura,Dhalai,Kulaibazar,799204,Satbhaiyapara
tripura,Dhalai,Nalicherra,799204,Hardhan Para
tripura,Dhalai,Nalicherra,799204,Kchimchara G.P
tripura,Dhalai,Kulaibazar,799204,Kulai thakur pally
tripura,Dhalai,Kulaibazar,799204,KulaiGhaitachara
tripura,Dhalai,Nalicherra,799204,North Nalichara G.P
tripura,Dhalai,Nalicherra,799204,Paschim Nalichhara
tripura,Dhalai,Nalicherra,799204,Purba Nalichhara
tripura,Dhalai,Kulaibazar,799204,Simbuchak
tripura,Dhalai,Kulaibazar,799204,Sovaram Kobra para
tripura,Dhalai,Kulaibazar,799204,Sudhangshu ghoshpara
tripura,Dhalai,Balarambazar,799204,Bagmara G.P
tripura,Dhalai,Kulaibazar,799204,Basudevpara
tripura,Dhalai,Nalicherra,799204,Dhananjoy reang para
tripura,Dhalai,Nalicherra,799204,Dhurbajoy Riangpara
tripura,Dhalai,Nalicherra,799204,Kalicharanpara
tripura,Dhalai,Kulaibazar,799204,Kula ram ratan para
tripura,Dhalai,Kulaibazar,799204,Kulai
tripura,Dhalai,Kulaibazar,799204,kulai Bazar (North)
tripura,Dhalai,Kulaibazar,799204,Netaji Nagar
tripura,Dhalai,Balarambazar,799204,Pura lalchari G.P
tripura,Dhalai,Nalicherra,799204,Sarkarpara
tripura,Dhalai,Balarambazar,799204,Balaram
tripura,Dhalai,Kulaibazar,799204,Kokoma Chara
tripura,Dhalai,Nalicherra,799204,Lal matipara
tripura,Dhalai,Balarambazar,799204,Paschim lalchari G.P
tripura,Dhalai,Nalkata,799263,Nalkata
tripura,Dhalai,Kanchancherra,799266,Kanchanchhara
tripura,Dhalai,Karamcherra,799266,Purba Karamchhara
tripura,Dhalai,Karamcherra,799266,Paschim Karamchhara
tripura,Dhalai,Jampui,799269,Central Catchment R.F
tripura,Dhalai,Tuichama,799271,Tuichama
tripura,Dhalai,Bindulal Karbaripara,799273,Amar chand Sarkar Para
tripura,Dhalai,Laldingabari,799273,Bijoy Master Para
tripura,Dhalai,Chailengta,799273,Chakmabasti
tripura,Dhalai,Manikpur,799273,Debchhara
tripura,Dhalai,Bindulal Karbaripara,799273,Dinamohan karbari para
tripura,Dhalai,Bindulal Karbaripara,799273,Durbajoy Chow para
tripura,Dhalai,Laldingabari,799273,Kachari chowhury para
tripura,Dhalai,Bindulal Karbaripara,799273,Lalchhara
tripura,Dhalai,Laldingabari,799273,Lalkhum para
tripura,Dhalai,Natinmanu,799273,Natinmanu
tripura,Dhalai,Chawmanu,799273,Sadhujan Para
tripura,Dhalai,Chailengta,799273,Tilak para
tripura,Dhalai,Bindulal Karbaripara,799273,Akshaymoni Karbari para
tripura,Dhalai,Chailengta,799273,Birendra D/B para
tripura,Dhalai,Bindulal Karbaripara,799273,Dankarai Chow.para
tripura,Dhalai,Bindulal Karbaripara,799273,Debendra DebBarma Para
tripura,Dhalai,Durgacherra,799273,Durgachhara
tripura,Dhalai,Chailengta,799273,Ghagrachhara
tripura,Dhalai,Bindulal Karbaripara,799273,Hari mohan Chow.para
tripura,Dhalai,Chailengta,799273,Longthoraipara
tripura,Dhalai,Chawmanu,799273,Makarchhara
tripura,Dhalai,Bindulal Karbaripara,799273,petuakarbari Para
tripura,Dhalai,Chailengta,799273,SC Colony para
tripura,Dhalai,Bindulal Karbaripara,799273,Apan bali para
tripura,Dhalai,Chailengta,799273,Chailta chara
tripura,Dhalai,Chailengta,799273,Gainarma
tripura,Dhalai,Chawmanu,799273,Paschim Chhamanu
tripura,Dhalai,Chawmanu,799273,Purba Chhamanu
tripura,Dhalai,Bindulal Karbaripara,799273,Rajmohan Karbari Para
tripura,Dhalai,Durgacherra,799273,Sonapur
tripura,Dhalai,Bindulal Karbaripara,799273,Taranikanta Para
tripura,Dhalai,Chailengta,799273,Thana para
tripura,Dhalai,Bindulal Karbaripara,799273,Bajarai Chow.para
tripura,Dhalai,Chailengta,799273,Chailengta
tripura,Dhalai,Chailengta,799273,Fishery para
tripura,Dhalai,Chailengta,799273,Jadumonhan complex
tripura,Dhalai,Chailengta,799273,Krishna kanta para
tripura,Dhalai,Manikpur,799273,Manikpur
tripura,Dhalai,Laldingabari,799273,pushihampara
tripura,Dhalai,Chailengta,799273,Bangamura
tripura,Dhalai,Laldingabari,799273,Baschapara
tripura,Dhalai,Chailengta,799273,daralia para
tripura,Dhalai,Bindulal Karbaripara,799273,Hemanta Dewan Para
tripura,Dhalai,Manikpur,799273,Joychandra Para
tripura,Dhalai,Chailengta,799273,Nutan Bazar
tripura,Dhalai,Laldingabari,799273,Pasparampara
tripura,Dhalai,Chailengta,799273,Bazarpara
tripura,Dhalai,Bindulal Karbaripara,799273,Bindulalkarbaipara
tripura,Dhalai,Bindulal Karbaripara,799273,Birendra DebBarma para
tripura,Dhalai,Chawmanu,799273,Chhamanu
tripura,Dhalai,Bindulal Karbaripara,799273,Dhanyaram chow.para
tripura,Dhalai,Laldingabari,799273,Padmarampara
tripura,Dhalai,Bindulal Karbaripara,799273,Sharat Karbari Para
tripura,Dhalai,Laldingabari,799273,Tuichandapara
tripura,Dhalai,Bindulal Karbaripara,799273,Bidhyajpy chow. para
tripura,Dhalai,Bindulal Karbaripara,799273,Bindu Bhusan Dewan Para
tripura,Dhalai,Bindulal Karbaripara,799273,Bindulal karbari para
tripura,Dhalai,Bindulal Karbaripara,799273,Fanguram Karbari para
tripura,Dhalai,Chailengta,799273,Gainama
tripura,Dhalai,Natinmanu,799273,Natin manu
tripura,Dhalai,Bindulal Karbaripara,799273,Bishnu Das.chow. para
tripura,Dhalai,Laldingabari,799273,Gangamohan para
tripura,Dhalai,Bindulal Karbaripara,799273,Nila Chandra Karbari Para
tripura,Dhalai,Chailengta,799273,officer para
tripura,Dhalai,Chailengta,799273,ST Colony
tripura,Dhalai,East Masli,799275,12 card para
tripura,Dhalai,Mainerma,799275,agor para
tripura,Dhalai,Dhumacherra,799275,chandi debbarma para
tripura,Dhalai,Jarulcherra,799275,dewan para
tripura,Dhalai,Jarulcherra,799275,dup chani
tripura,Dhalai,East Masli,799275,gosai tilla
tripura,Dhalai,Mainerma,799275,k.d para
tripura,Dhalai,Karatichesdrra,799275,Karatichhara
tripura,Dhalai,Mainerma,799275,lamba bill
tripura,Dhalai,Maslicherra,799275,malak para
tripura,Dhalai,Maslicherra,799275,marak para
tripura,Dhalai,Jarulcherra,799275,nutan bazam
tripura,Dhalai,Dhumacherra,799275,samprai lan debbarma
tripura,Dhalai,Jarulcherra,799275,sarkar para
tripura,Dhalai,Manughat,799275,Sumti pully
tripura,Dhalai,Longtharai,799275,Uttar Longtarai
tripura,Dhalai,Maslicherra,799275,west masli
tripura,Dhalai,East Masli,799275,5 card para
tripura,Dhalai,East Masli,799275,57 card para
tripura,Dhalai,East Masli,799275,7 card para
tripura,Dhalai,Longtharai,799275,bis mani tripura para
tripura,Dhalai,Manughat,799275,blok tilla
tripura,Dhalai,Longtharai,799275,chandra hongsa para
tripura,Dhalai,Dhumacherra,799275,Dakshin Dhumachhara
tripura,Dhalai,Demchedrra Colony,799275,Damcherra colony
tripura,Dhalai,Manughat,799275,das para
tripura,Dhalai,Karatichesdrra,799275,dilip marak para
tripura,Dhalai,Dhumacherra,799275,forest colony
tripura,Dhalai,Jarulcherra,799275,jamir chara para
tripura,Dhalai,Mainerma,799275,khai tilla
tripura,Dhalai,Dhumacherra,799275,madan r/p para
tripura,Dhalai,Maslicherra,799275,maslicharra
tripura,Dhalai,Dhumacherra,799275,nitya kr para
tripura,Dhalai,East Masli,799275,Purba Masli
tripura,Dhalai,Manughat,799275,baily para
tripura,Dhalai,Mainerma,799275,bangali para
tripura,Dhalai,Manughat,799275,Jamirchhara
tripura,Dhalai,Maslicherra,799275,kamana royja para
tripura,Dhalai,Karatichesdrra,799275,laxmi bazar
tripura,Dhalai,Dhumacherra,799275,maychayama para
tripura,Dhalai,Karatichesdrra,799275,radha reang para
tripura,Dhalai,Karatichesdrra,799275,sasi sangana para
tripura,Dhalai,Longtharai,799275,satarai reang para
tripura,Dhalai,Manughat,799275,shmat kumari para
tripura,Dhalai,Karatichesdrra,799275,bagan para
tripura,Dhalai,Manughat,799275,barindra para
tripura,Dhalai,Maslicherra,799275,bazar para
tripura,Dhalai,Manughat,799275,chummari para
tripura,Dhalai,Longtharai,799275,Dakshin Longtarai
tripura,Dhalai,Jarulcherra,799275,ghandi para
tripura,Dhalai,Jarulcherra,799275,Jarulchhara
tripura,Dhalai,Dhumacherra,799275,kartik para
tripura,Dhalai,Dhumacherra,799275,lalit debbarma para
tripura,Dhalai,Mainerma,799275,Mainama
tripura,Dhalai,Jarulcherra,799275,manu charra
tripura,Dhalai,Manughat,799275,mimu para
tripura,Dhalai,Mainerma,799275,pr.t.c para
tripura,Dhalai,Maslicherra,799275,puratan colony
tripura,Dhalai,Maslicherra,799275,reang para
tripura,Dhalai,Dhumacherra,799275,satarai reang para
tripura,Dhalai,Karatichesdrra,799275,sudhamoy namo para
tripura,Dhalai,East Masli,799275,90 khani
tripura,Dhalai,East Masli,799275,adhikari rteang para
tripura,Dhalai,Dhumacherra,799275,ananda kr para
tripura,Dhalai,Mainerma,799275,bharta para
tripura,Dhalai,Manughat,799275,bisnu para
tripura,Dhalai,East Masli,799275,carali tilla
tripura,Dhalai,Dhumacherra,799275,gopinat para
tripura,Dhalai,East Masli,799275,isan royaja para
tripura,Dhalai,Jarulcherra,799275,Jarulchhara
tripura,Dhalai,Dhumacherra,799275,jatindra r/p
tripura,Dhalai,Longtharai,799275,madab ch para
tripura,Dhalai,Manughat,799275,Manu Chhailengta R.F
tripura,Dhalai,Karatichesdrra,799275,nilmohan karbari para
tripura,Dhalai,Maslicherra,799275,sabar para
tripura,Dhalai,Manughat,799275,scholl para
tripura,Dhalai,Mainerma,799275,tilok para
tripura,Dhalai,Dhumacherra,799275,Uttar Dhumachhara
tripura,Dhalai,Manughat,799275,A.O.C para
tripura,Dhalai,East Masli,799275,amtali tilla
tripura,Dhalai,Mainerma,799275,arjun para
tripura,Dhalai,Dhumacherra,799275,basana r/p para
tripura,Dhalai,Karatichesdrra,799275,damodar reang para
tripura,Dhalai,Maslicherra,799275,Deo Reserve Forest (part)
tripura,Dhalai,Demchedrra Colony,799275,Forest Colony
tripura,Dhalai,Dhumacherra,799275,hanuman roang pash
tripura,Dhalai,Longtharai,799275,jatindra tripura para
tripura,Dhalai,Dhumacherra,799275,mahadeb para
tripura,Dhalai,Longtharai,799275,nalin kr tripura para
tripura,Dhalai,Dhumacherra,799275,ratan r/p para
tripura,Dhalai,East Masli,799275,sasi royajan para
tripura,Dhalai,Sindhukumarpara,799275,Sindhukumar Para
tripura,Dhalai,Sindhukumarpara,799275,Sindhukumarpara
tripura,Dhalai,Manughat,799275,subaina para
tripura,Dhalai,Dhumacherra,799275,swadhin para
tripura,Dhalai,Jarulcherra,799275,utla para
tripura,Dhalai,Maslicherra,799275,13 card para
tripura,Dhalai,East Masli,799275,34 card para
tripura,Dhalai,Maslicherra,799275,ananda das para
tripura,Dhalai,Dhumacherra,799275,ashta kr para
tripura,Dhalai,Jarulcherra,799275,bagam para
tripura,Dhalai,Maslicherra,799275,deb para
tripura,Dhalai,Demchedrra Colony,799275,Dilendra Chaw Para
tripura,Dhalai,Dhumacherra,799275,hantorcha para
tripura,Dhalai,Demchedrra Colony,799275,Hanuman Reang Para
tripura,Dhalai,Manughat,799275,hospital para
tripura,Dhalai,Karatichesdrra,799275,kukil mari para
tripura,Dhalai,Longtharai,799275,lal mohan tripura para
tripura,Dhalai,Mainerma,799275,mati kala
tripura,Dhalai,Maslicherra,799275,munda para
tripura,Dhalai,Dhumacherra,799275,palahia para
tripura,Dhalai,Maslicherra,799275,Paschim Masli
tripura,Dhalai,Dhumacherra,799275,wakhirai debbama para
tripura,Dhalai,Demchedrra Colony,799275,Wakhirai DebBarma Para
tripura,Dhalai,Longtharai,799275,ast kr trpura para
tripura,Dhalai,Manughat,799275,bichilra das para
tripura,Dhalai,Dhumacherra,799275,bichitra para
tripura,Dhalai,Dhumacherra,799275,bindm para
tripura,Dhalai,Demchedrra Colony,799275,Demchhara
tripura,Dhalai,East Masli,799275,dharmajoy r para
tripura,Dhalai,Mainerma,799275,dhyal para
tripura,Dhalai,Karatichesdrra,799275,kashi nath nepali para
tripura,Dhalai,Dhumacherra,799275,kesharam para
tripura,Dhalai,Dhumacherra,799275,krishna dayal para
tripura,Dhalai,Dhumacherra,799275,kukil mani para
tripura,Dhalai,Demchedrra Colony,799275,Lalit DebBarma Para
tripura,Dhalai,Dhumacherra,799275,Longtarai R.F
tripura,Dhalai,Manughat,799275,Manu
tripura,Dhalai,Longtharai,799275,manya kr tripura para
tripura,Dhalai,Dhumacherra,799275,nalin para
tripura,Dhalai,Longtharai,799275,paclhma kr tripura para
tripura,Dhalai,Manughat,799275,railway station
tripura,Dhalai,Paschim Dalucherra,799278,amtali
tripura,Dhalai,Maharani Bus Stop,799278,bhatpara
tripura,Dhalai,Kachucherra,799278,bhimpara
tripura,Dhalai,Maharani Bus Stop,799278,bichitrapara
tripura,Dhalai,Mechuria,799278,bidyamanikpara
tripura,Dhalai,Salema,799278,Dabbari
tripura,Dhalai,Mendihaor,799278,golakbazargao
tripura,Dhalai,Paschim Dalucherra,799278,hospital road
tripura,Dhalai,Mendihaor,799278,hospitalroad
tripura,Dhalai,Mendihaor,799278,mendigram
tripura,Dhalai,Paschim Dalucherra,799278,nakul d/bpara
tripura,Dhalai,Maharani Bus Stop,799278,parsurampara
tripura,Dhalai,Paschim Dalucherra,799278,Paschim Daluchhara
tripura,Dhalai,Kachucherra,799278,Purba Kachucherra
tripura,Dhalai,Paschim Dalucherra,799278,simul tali
tripura,Dhalai,Maharani Bus Stop,799278,singinalagao
tripura,Dhalai,Kachucherra,799278,south kacuchara
tripura,Dhalai,Kachucherra,799278,uttarkachuchara
tripura,Dhalai,Mechuria,799278,14card
tripura,Dhalai,Kachucherra,799278,Dakhin Kachucharra
tripura,Dhalai,Mendihaor,799278,debnathpara
tripura,Dhalai,Kachucherra,799278,Kachuchhara
tripura,Dhalai,Mechuria,799278,kakriatila
tripura,Dhalai,Paschim Dalucherra,799278,kusum db para
tripura,Dhalai,Kachucherra,799278,nayabazar
tripura,Dhalai,Salema,799278,Paschim Daluchara
tripura,Dhalai,Paschim Dalucherra,799278,tarani db para
tripura,Dhalai,Paschim Dalucherra,799278,tilabajar
tripura,Dhalai,Salema,799278,Balaram II Cards
tripura,Dhalai,Mendihaor,799278,bharatchoudhury
tripura,Dhalai,Paschim Dalucherra,799278,chakmabasti
tripura,Dhalai,Paschim Dalucherra,799278,darlongpara
tripura,Dhalai,Paschim Dalucherra,799278,debbarmapara
tripura,Dhalai,Mendihaor,799278,gsc para
tripura,Dhalai,Maharani Bus Stop,799278,Maharani Bus stop
tripura,Dhalai,Mendihaor,799278,maichangchra
tripura,Dhalai,Mendihaor,799278,mh schoolpara
tripura,Dhalai,Paschim Dalucherra,799278,milan db para
tripura,Dhalai,Paschim Dalucherra,799278,Purba Daluchhara
tripura,Dhalai,Paschim Dalucherra,799278,west daluchara
tripura,Dhalai,Mechuria,799278,32card
tripura,Dhalai,Paschim Dalucherra,799278,ashapurna r/para
tripura,Dhalai,Paschim Dalucherra,799278,biswarani db para
tripura,Dhalai,Kachucherra,799278,k-charapalligao
tripura,Dhalai,Paschim Dalucherra,799278,khirud dn para
tripura,Dhalai,Mechuria,799278,n-mechuria
tripura,Dhalai,Mendihaor,799278,nayapatti
tripura,Dhalai,Mendihaor,799278,raidaspara1part
tripura,Dhalai,Maharani Bus Stop,799278,sarkarpara
tripura,Dhalai,Salema,799278,Simbuk Chak
tripura,Dhalai,Kachucherra,799278,sla colony
tripura,Dhalai,Mendihaor,799278,water supplyarea
tripura,Dhalai,Mechuria,799278,a/m para
tripura,Dhalai,Mechuria,799278,b/spara
tripura,Dhalai,Kachucherra,799278,balaramparagao
tripura,Dhalai,Paschim Dalucherra,799278,bangalibasti
tripura,Dhalai,Mechuria,799278,lokenathlane
tripura,Dhalai,Salema,799278,Longtarai R.F
tripura,Dhalai,Mendihaor,799278,mh colony
tripura,Dhalai,Mechuria,799278,Michhuria
tripura,Dhalai,Paschim Dalucherra,799278,michuria colony
tripura,Dhalai,Paschim Dalucherra,799278,rakaltali
tripura,Dhalai,Maharani Bus Stop,799278,subzonalline
tripura,Dhalai,Salema,799278,32 Cards
tripura,Dhalai,Maharani Bus Stop,799278,ansigpara
tripura,Dhalai,Mechuria,799278,b/m para
tripura,Dhalai,Paschim Dalucherra,799278,bhat khawri
tripura,Dhalai,Maharani Bus Stop,799278,debbari
tripura,Dhalai,Paschim Dalucherra,799278,debendra dbpara
tripura,Dhalai,Mechuria,799278,east mechuria
tripura,Dhalai,Salema,799278,Kachuchara
tripura,Dhalai,Mendihaor,799278,karturaipara
tripura,Dhalai,Mendihaor,799278,m/h bazar
tripura,Dhalai,Paschim Dalucherra,799278,madhya daluchara
tripura,Dhalai,Maharani Bus Stop,799278,maharanipurpara
tripura,Dhalai,Salema,799278,Mechuria
tripura,Dhalai,Mechuria,799278,new halampara
tripura,Dhalai,Kachucherra,799278,nutangao
tripura,Dhalai,Paschim Dalucherra,799278,ramgunapara
tripura,Dhalai,Salema,799278,Salema
tripura,Dhalai,Mechuria,799278,simbukchak
tripura,Dhalai,Salema,799278,Singinala
tripura,Dhalai,Paschim Dalucherra,799278,upendra db para
tripura,Dhalai,Kachucherra,799278,32cardgram
tripura,Dhalai,Salema,799278,Ashapurna Roaja para
tripura,Dhalai,Maharani Bus Stop,799278,bazarkendra
tripura,Dhalai,Mechuria,799278,dabbarinew
tripura,Dhalai,Paschim Dalucherra,799278,dcharabazar
tripura,Dhalai,Paschim Dalucherra,799278,dhulaichara
tripura,Dhalai,Mechuria,799278,gakulnagar
tripura,Dhalai,Mechuria,799278,janturaireang para
tripura,Dhalai,Kachucherra,799278,kachucharahour
tripura,Dhalai,Paschim Dalucherra,799278,khasiapunje
tripura,Dhalai,Mechuria,799278,m-colony
tripura,Dhalai,Salema,799278,Madumchara
tripura,Dhalai,Maharani Bus Stop,799278,Maharani
tripura,Dhalai,Salema,799278,Maichangchara
tripura,Dhalai,Mechuria,799278,mecuriabazar
tripura,Dhalai,Paschim Dalucherra,799278,ratikanta db para
tripura,Dhalai,Kachucherra,799278,sangmapara
tripura,Dhalai,Mechuria,799278,schoolroad
tripura,Dhalai,Salema,799278,Batabari
tripura,Dhalai,Paschim Dalucherra,799278,debtaabarii
tripura,Dhalai,Kachucherra,799278,halampara
tripura,Dhalai,Maharani Bus Stop,799278,laxmikantapur
tripura,Dhalai,Paschim Dalucherra,799278,mailai r/para
tripura,Dhalai,Maharani Bus Stop,799278,mainline
tripura,Dhalai,Mendihaor,799278,Mandihour
tripura,Dhalai,Mendihaor,799278,mandirgao
tripura,Dhalai,Mechuria,799278,Mechuria
tripura,Dhalai,Mendihaor,799278,Mendi
tripura,Dhalai,Salema,799278,Mendihour
tripura,Dhalai,Mechuria,799278,pancayet office raod
tripura,Dhalai,Paschim Dalucherra,799278,ratikanta dbpara
tripura,Dhalai,Salema,799278,Sardinkhapara
tripura,Dhalai,Mendihaor,799278,singinala1part
tripura,Dhalai,Jagabandhu Para,799284,Jagabandhupara
tripura,Dhalai,Sarma,799284,Paschim Gandachhara
tripura,Dhalai,Sarma,799284,Purba Gandachhara
tripura,Dhalai,Sarma,799284,Sarma
tripura,Dhalai,Jagabandhu Para,799284,Sipasingh
tripura,Dhalai,Jagabandhu Para,799284,Joyrampur
tripura,Dhalai,Sarma,799284,Kamalakhal
tripura,Dhalai,Sarma,799284,Kamalasram
tripura,Dhalai,Ranipukur,799284,Paschim Raima
tripura,Dhalai,Dalapatipara,799284,Purba Kalyansingh
tripura,Dhalai,Ranipukur,799284,Boalkhali
tripura,Dhalai,Bullongbassa,799284,Bulongbasa
tripura,Dhalai,Laxmipur,799284,Dhalajhari
tripura,Dhalai,Dalapatipara,799284,Jinaraipara
tripura,Dhalai,Dalapatipara,799284,Malyansingh
tripura,Dhalai,Ranipukur,799284,Ranipukur
tripura,Dhalai,Laxmipur,799284,Laxmipur
tripura,Dhalai,Ranipukur,799284,Purba Potachhara
tripura,Dhalai,Ranipukur,799284,Thakurchhara
tripura,Dhalai,Jagabandhu Para,799284,Ultachhara
tripura,Dhalai,Sarma,799284,Uttaraipara
tripura,Dhalai,Ranipukur,799284,Chitrajhari
tripura,Dhalai,Dalapatipara,799284,Paschim Kalyansingh
tripura,Dhalai,Ranipukur,799284,Ratan Nagar
tripura,Dhalai,Sarma,799284,Barabari
tripura,Dhalai,Bhagirathpara,799284,Bhagirath Para
tripura,Dhalai,Dalapatipara,799284,Dalapatipara
tripura,Dhalai,Ranipukur,799284,Purba Raima
tripura,Dhalai,Jagabandhu Para,799284,Ultachhara
tripura,Dhalai,Bhagirathpara,799284,Bhagirathpara
tripura,Dhalai,Sarma,799284,Dumburnagar
tripura,Dhalai,Sarma,799284,Khederkot
tripura,Dhalai,Bullongbassa,799284,Ramnagar
tripura,Dhalai,Ranipukur,799284,Birchandranagar
tripura,Dhalai,Ranipukur,799284,Paschim Potachhara
tripura,Dhalai,Sarma,799284,Sardong
tripura,Dhalai,Sarma,799284,Sukraichhara
tripura,Dhalai,Noagoan,799285,Amintilla
tripura,Dhalai,Bagaicherri,799285,Baghai chari
tripura,Dhalai,Garodtilla,799285,College Road
tripura,Dhalai,Kamalpur (Dhalai),799285,garadtila
tripura,Dhalai,Kamalpur (Dhalai),799285,harerkhola
tripura,Dhalai,Kamalpur (Dhalai),799285,shibbari
tripura,Dhalai,Kamalpur (Dhalai),799285,singibil
tripura,Dhalai,Bagaicherri,799285,Baghaichari
tripura,Dhalai,Chotosarma,799285,Baradrun
tripura,Dhalai,Ramdurlavpur,799285,Bishnupur
tripura,Dhalai,Kamalpur (Dhalai),799285,chuttosurma
tripura,Dhalai,Baligaon,799285,Dakshin Bilashchhara
tripura,Dhalai,Kamalpur (Dhalai),799285,fulchari
tripura,Dhalai,Garodtilla,799285,G.Tilla Govt. Degree College
tripura,Dhalai,Singibill,799285,Halhuli
tripura,Dhalai,Kamalpur (Dhalai),799285,kartikgram
tripura,Dhalai,Maracherra,799285,Lalchari
tripura,Dhalai,Noagoan,799285,Putia Chara
tripura,Dhalai,Kamalpur (Dhalai),799285,putichara
tripura,Dhalai,Noagoan,799285,Tribal Para
tripura,Dhalai,Garodtilla,799285,Urarya Basti
tripura,Dhalai,Singibill,799285,Barasarma
tripura,Dhalai,Garodtilla,799285,Bhomohin Colony
tripura,Dhalai,Kamalpur (Dhalai),799285,bishnupur
tripura,Dhalai,Maracherra,799285,Chandannagar
tripura,Dhalai,Singibill,799285,Daipukur
tripura,Dhalai,Maracherra,799285,Kartikgaon
tripura,Dhalai,Bagaicherri,799285,Laxman chari
tripura,Dhalai,Kamalpur (Dhalai),799285,manachara
tripura,Dhalai,Chotosarma,799285,Mangal Sengpara
tripura,Dhalai,Maracherra,799285,Marachhara
tripura,Dhalai,Ramdurlavpur,799285,Mayachhari
tripura,Dhalai,Singibill,799285,Panchari
tripura,Dhalai,Garodtilla,799285,Baidyakarpara
tripura,Dhalai,Maracherra,799285,Challubari
tripura,Dhalai,Chotosarma,799285,Chhota Sarma 3 NO
tripura,Dhalai,Noagoan,799285,Drivertilla
tripura,Dhalai,Singibill,799285,East Panchasi
tripura,Dhalai,Garodtilla,799285,Electric Road
tripura,Dhalai,Singibill,799285,Kuchinala
tripura,Dhalai,Kamalpur (Dhalai),799285,mulanga
tripura,Dhalai,Noagoan,799285,Noagaon
tripura,Dhalai,Kamalpur (Dhalai),799285,ramdurlavpur
tripura,Dhalai,Chotosarma,799285,Sarmapara
tripura,Dhalai,Kamalpur (Dhalai),799285,sonarai
tripura,Dhalai,Maracherra,799285,Sonarai
tripura,Dhalai,Singibill,799285,Tahasil Para
tripura,Dhalai,Chotosarma,799285,ChhotaSarma
tripura,Dhalai,Chotosarma,799285,Chotasurma
tripura,Dhalai,Garodtilla,799285,Collouse
tripura,Dhalai,Garodtilla,799285,Kalachari 2
tripura,Dhalai,Kamalpur (Dhalai),799285,kalachari1
tripura,Dhalai,Chotosarma,799285,Kalibari
tripura,Dhalai,Kamalpur (Dhalai),799285,noagaon
tripura,Dhalai,Chotosarma,799285,Nowagoan
tripura,Dhalai,Singibill,799285,Panchasi
tripura,Dhalai,Bagaicherri,799285,Rangghir Chara
tripura,Dhalai,Garodtilla,799285,Riska Para
tripura,Dhalai,Noagoan,799285,Uria Basti
tripura,Dhalai,Noagoan,799285,Uttartilla
tripura,Dhalai,Noagoan,799285,10 no. Basti
tripura,Dhalai,Kamalpur (Dhalai),799285,baraitali
tripura,Dhalai,Singibill,799285,Barasurma
tripura,Dhalai,Kamalpur (Dhalai),799285,bilaschara
tripura,Dhalai,Singibill,799285,Chandanagar
tripura,Dhalai,Garodtilla,799285,Dhalai Para
tripura,Dhalai,Noagoan,799285,East Noagaon
tripura,Dhalai,Baligaon,799285,Ganga nagar
tripura,Dhalai,Kamalpur (Dhalai),799285,ganganagar2
tripura,Dhalai,Garodtilla,799285,Garadtilla
tripura,Dhalai,Garodtilla,799285,Harer Khola West
tripura,Dhalai,Noagoan,799285,Malakar Pura
tripura,Dhalai,Kamalpur (Dhalai),799285,mayachari
tripura,Dhalai,Kamalpur (Dhalai),799285,Mohanpur
tripura,Dhalai,Baligaon,799285,Pulta cherra
tripura,Dhalai,Kamalpur (Dhalai),799285,rupaspur
tripura,Dhalai,Baligaon,799285,Bali gaon
tripura,Dhalai,Kamalpur (Dhalai),799285,baligaon
tripura,Dhalai,Bagaicherri,799285,Bharatali
tripura,Dhalai,Bagaicherri,799285,Kathal bari
tripura,Dhalai,Singibill,799285,Lal chari
tripura,Dhalai,Kamalpur (Dhalai),799285,lalchari
tripura,Dhalai,Maracherra,799285,Maracharra
tripura,Dhalai,Singibill,799285,Singibill
tripura,Dhalai,Baligaon,799285,Uttar Bilashchhara
tripura,Dhalai,Singibill,799285,Barasurma
tripura,Dhalai,Garodtilla,799285,Kalachari
tripura,Dhalai,Kamalpur (Dhalai),799285,kalachari2
tripura,Dhalai,Chotosarma,799285,Lal Chara South
tripura,Dhalai,Halahali,799286,Apareskar Road
tripura,Dhalai,Chengkap,799286,Chankap
tripura,Dhalai,Mahabir,799286,Chulubari
tripura,Dhalai,Halahali,799286,Halhuli (Halahali - 1991 Census)
tripura,Dhalai,Abhanga,799286,Maharanipur
tripura,Dhalai,Abhanga,799286,Santir Bazar Para
tripura,Dhalai,Mahabir,799286,Bamancharra
tripura,Dhalai,Abhanga,799286,Bhaghaban Das Para
tripura,Dhalai,Mahabir,799286,Debi chara
tripura,Dhalai,Baralutma,799286,Hindustani Para
tripura,Dhalai,Apareshkar,799286,Homeless colony
tripura,Dhalai,Jamthing,799286,Jamthang
tripura,Dhalai,Chengkap,799286,Kalitila Debichara
tripura,Dhalai,Halahali,799286,Mahabir Road
tripura,Dhalai,Halahali,799286,Nakashi Para
tripura,Dhalai,Halahali,799286,Nakful
tripura,Dhalai,Baralutma,799286,Rajmohan Para
tripura,Dhalai,Abhanga,799286,Bichitra Chow Para
tripura,Dhalai,Chengkap,799286,East Debichara
tripura,Dhalai,Jamthing,799286,Jamthumbari
tripura,Dhalai,Katalutma,799286,Katalutma
tripura,Dhalai,Abhanga,799286,Mahajan Para
tripura,Dhalai,Abhanga,799286,Malakarpara
tripura,Dhalai,Halahali,799286,Radharambari
tripura,Dhalai,Mahabir,799286,Setrai
tripura,Dhalai,Apareshkar,799286,West Halahali
tripura,Dhalai,Apareshkar,799286,Apareshkar
tripura,Dhalai,Baralutma,799286,Deb Barma Para
tripura,Dhalai,Katalutma,799286,East Katalutma
tripura,Dhalai,Abhanga,799286,Fishery Para
tripura,Dhalai,Halahali,799286,Halahali
tripura,Dhalai,Halahali,799286,Halahali Bazar
tripura,Dhalai,Chengkap,799286,Kamrangapara
tripura,Dhalai,Mahabir,799286,Mahabir T.E
tripura,Dhalai,Abhanga,799286,Maichang RPC Para
tripura,Dhalai,Halahali,799286,North Halahali
tripura,Dhalai,Apareshkar,799286,Panbua
tripura,Dhalai,Apareshkar,799286,Parbua North
tripura,Dhalai,Chengkap,799286,Singha Ghar Colony
tripura,Dhalai,Chengkap,799286,Tahngshipara
tripura,Dhalai,Apareshkar,799286,Apareshkar ADC
tripura,Dhalai,Abhanga,799286,Avanga
tripura,Dhalai,Baralutma,799286,Baralutma
tripura,Dhalai,Halahali,799286,East Halahali
tripura,Dhalai,Chengkap,799286,Janakram para
tripura,Dhalai,Katalutma,799286,Kata lutma
tripura,Dhalai,Apareshkar,799286,Parbua East
tripura,Dhalai,Abhanga,799286,Prasanya Chow Para
tripura,Dhalai,Chengkap,799286,Uttar Debichera
tripura,Dhalai,Abhanga,799286,Abhanga
tripura,Dhalai,Halahali,799286,Bander Bari
tripura,Dhalai,Chengkap,799286,Debichera
tripura,Dhalai,Mahabir,799286,Mahabir
tripura,Dhalai,Baralutma,799286,Proush Para
tripura,Dhalai,Chengkap,799286,Ujanchankup
tripura,Dhalai,Abhanga,799286,West Avanga
tripura,Dhalai,Baralutma,799286,Bara Lutma
tripura,Dhalai,Chengkap,799286,Chankup
tripura,Dhalai,Mahabir,799286,Chhetrai
tripura,Dhalai,Jamthing,799286,Jamthang East
tripura,Dhalai,Halahali,799286,Krishnanagar
tripura,Dhalai,Apareshkar,799286,Parbua South
tripura,Dhalai,Baralutma,799286,Sabdakar Para
tripura,Dhalai,Apareshkar,799286,Vagirat Reang para
tripura,Dhalai,Mahabir,799286,Bamanchhara
tripura,Dhalai,Chengkap,799286,Bikrampara
tripura,Dhalai,Halahali,799286,Debichhara
tripura,Dhalai,Mahabir,799286,Dhan Chandra para
tripura,Dhalai,Abhanga,799286,East Avanga
tripura,Dhalai,Chengkap,799286,Faikarpara
tripura,Dhalai,Chengkap,799286,Kanailal Halam para
tripura,Dhalai,Abhanga,799286,Kata lutma
tripura,Dhalai,Apareshkar,799286,Krishnatila
tripura,Dhalai,Baralutma,799286,Muchi para
tripura,Dhalai,Baralutma,799286,Niranjan Para
tripura,Dhalai,Halahali,799286,West Halahali
tripura,Dhalai,Srirampur Lambucherra,799287,Baraipara
tripura,Dhalai,Kamalpur Aerodrome,799287,Dhalaipara
tripura,Dhalai,Srirampur Lambucherra,799287,East Lambucherra
tripura,Dhalai,Manikbhander,799287,Mothirmia
tripura,Dhalai,Nagbangshi,799287,Nagbangshi
tripura,Dhalai,Srirampur Lambucherra,799287,Tairam Cherra
tripura,Dhalai,Srirampur Lambucherra,799287,Abhirampara
tripura,Dhalai,Srirampur Lambucherra,799287,Chaidaripara
tripura,Dhalai,Srirampur Lambucherra,799287,Kashtila
tripura,Dhalai,Kamalpur Aerodrome,799287,Krishnachara
tripura,Dhalai,Kamalpur Aerodrome,799287,Manik Bhandar
tripura,Dhalai,Srirampur Lambucherra,799287,Neba Singh Para
tripura,Dhalai,Kuchainala,799287,Rabindra Bazar
tripura,Dhalai,Kamalpur Aerodrome,799287,Gardentila
tripura,Dhalai,Srirampur Lambucherra,799287,Lambuchhara
tripura,Dhalai,Nagbangshi,799287,Methirmeaia
tripura,Dhalai,Kamalpur Aerodrome,799287,Samri Chara
tripura,Dhalai,Nagbangshi,799287,Darang Bagan
tripura,Dhalai,Kamalpur Aerodrome,799287,Duraichhara
tripura,Dhalai,Manikbhander,799287,Mainabari
tripura,Dhalai,Kuchainala,799287,Marachara
tripura,Dhalai,Kamalpur Aerodrome,799287,Shibbari
tripura,Dhalai,Srirampur Lambucherra,799287,Srirampur Lumbucherra
tripura,Dhalai,Srirampur Lambucherra,799287,Babu Singh Para
tripura,Dhalai,Kamalpur Aerodrome,799287,Beban Char
tripura,Dhalai,Kamalpur Aerodrome,799287,Durichara
tripura,Dhalai,Nagbangshi,799287,East Chulubari
tripura,Dhalai,Kamalpur Aerodrome,799287,Kaima chara
tripura,Dhalai,Manikbhander,799287,Kandigram
tripura,Dhalai,Kuchainala,799287,Kuchainala
tripura,Dhalai,Kuchainala,799287,Kuchainala
tripura,Dhalai,Kamalpur Aerodrome,799287,Shillpara
tripura,Dhalai,Kamalpur Aerodrome,799287,South Manik Bhander
tripura,Dhalai,Srirampur Lambucherra,799287,Tirbam cherra
tripura,Dhalai,Srirampur Lambucherra,799287,Karam cherra
tripura,Dhalai,Manikbhander,799287,Manik Bhandar
tripura,Dhalai,Manikbhander,799287,Manik Bhander
tripura,Dhalai,Nagbangshi,799287,North Chulubari
tripura,Dhalai,Nagbangshi,799287,Dangamapara
tripura,Dhalai,Nagbangshi,799287,Darang Tilla
tripura,Dhalai,Srirampur Lambucherra,799287,Gosh Para
tripura,Dhalai,Manikbhander,799287,Kalachhari
tripura,Dhalai,Kamalpur Aerodrome,799287,Kandi gram
tripura,Dhalai,Srirampur Lambucherra,799287,Nabinbari
tripura,Dhalai,Nagbangshi,799287,South Chulubari
tripura,Dhalai,Nagbangshi,799287,Sridampur
tripura,Dhalai,Srirampur Lambucherra,799287,Srirampur
tripura,Dhalai,Srirampur Lambucherra,799287,Sukiyabari
tripura,Dhalai,Kamalpur Aerodrome,799287,West Manik Bhander
tripura,Dhalai,Nagbangshi,799287,East Nagbangshi
tripura,Dhalai,Srirampur Lambucherra,799287,Kundapara
tripura,Dhalai,Nagbangshi,799287,Nag Bangshi
tripura,Dhalai,Kamalpur Aerodrome,799287,Podabill
tripura,Dhalai,Srirampur Lambucherra,799287,West Lambucherra
tripura,Dhalai,Nepaltilla,799288,Kathalchhara
tripura,Dhalai,Ganganagar Tribalcolony,799289,babeha para
tripura,Dhalai,Ganganagar Tribalcolony,799289,balra chara
tripura,Dhalai,Sikaribari,799289,Baluchhara
tripura,Dhalai,Harincherra,799289,birju para
tripura,Dhalai,Karnamunipara,799289,budhojoy para
tripura,Dhalai,Chandraipara,799289,gola chara polue
tripura,Dhalai,Ambassa,799289,Harimangalpara
tripura,Dhalai,Kanchanpur Colony,799289,Homeless colony
tripura,Dhalai,Kanchanpur Colony,799289,Hriday Para
tripura,Dhalai,Lakraichowdhuripara,799289,Ishan Chandra Para
tripura,Dhalai,Kamalacherra,799289,raiparsa
tripura,Dhalai,Ambassa,799289,ambedkor nagar
tripura,Dhalai,Kamalacherra,799289,biswa ram para
tripura,Dhalai,Kamalacherra,799289,chinta ram para
tripura,Dhalai,Harincherra,799289,harincharra
tripura,Dhalai,Karnamunipara,799289,jatindra para
tripura,Dhalai,Kanchanpur Colony,799289,Kanchanpur coloney
tripura,Dhalai,Karnamunipara,799289,Karnamanipara
tripura,Dhalai,Sikaribari,799289,mainaram para
tripura,Dhalai,Ambassa,799289,modak colany
tripura,Dhalai,Karnamunipara,799289,parba moni para
tripura,Dhalai,Harincherra,799289,parikarai para
tripura,Dhalai,Kamalacherra,799289,Raipasa
tripura,Dhalai,Ambassa,799289,santi para
tripura,Dhalai,Kamalacherra,799289,shile bari
tripura,Dhalai,Ganganagar Tribalcolony,799289,tataiy para
tripura,Dhalai,Ganganagar Tribalcolony,799289,Ganganagar
tripura,Dhalai,Kanchanpur Colony,799289,Halampara
tripura,Dhalai,Chandraipara,799289,homles colony
tripura,Dhalai,Sikaribari,799289,jeney rai para
tripura,Dhalai,Ambassa,799289,Khowaipara
tripura,Dhalai,Chandraipara,799289,mag basti
tripura,Dhalai,Ambassa,799289,napali basti
tripura,Dhalai,Sikaribari,799289,nilmani para
tripura,Dhalai,Sikaribari,799289,Sikaribari
tripura,Dhalai,Harincherra,799289,taidupara
tripura,Dhalai,Ambassa,799289,trtc para
tripura,Dhalai,Ambassa,799289,Ambassa
tripura,Dhalai,Ambassa,799289,bankumari para
tripura,Dhalai,Chandraipara,799289,Gurudhanpara
tripura,Dhalai,Lakraichowdhuripara,799289,Jeal chara
tripura,Dhalai,Sikaribari,799289,Kathalbari
tripura,Dhalai,Ambassa,799289,Khamupara
tripura,Dhalai,Lakraichowdhuripara,799289,Khedaban para
tripura,Dhalai,Kanchanpur Colony,799289,Lambachara
tripura,Dhalai,Karnamunipara,799289,maldha para
tripura,Dhalai,Chandraipara,799289,n.g. para
tripura,Dhalai,Ganganagar Tribalcolony,799289,pancha joy bari
tripura,Dhalai,Kamalacherra,799289,purna joy para
tripura,Dhalai,Harincherra,799289,ram guma para
tripura,Dhalai,Karnamunipara,799289,ruhida para
tripura,Dhalai,Kamalacherra,799289,ruspa ram para
tripura,Dhalai,Kanchanpur Colony,799289,Sukanta pally
tripura,Dhalai,Ambassa,799289,Tetaiya
tripura,Dhalai,Lakraichowdhuripara,799289,Auli Rai Para
tripura,Dhalai,Ambassa,799289,Auliraipara
tripura,Dhalai,Harincherra,799289,bikramjoy para
tripura,Dhalai,Harincherra,799289,dala ram para
tripura,Dhalai,Sikaribari,799289,gala chara
tripura,Dhalai,Ganganagar Tribalcolony,799289,lal chara
tripura,Dhalai,Kanchanpur Colony,799289,Lal chari
tripura,Dhalai,Ganganagar Tribalcolony,799289,lal sing para
tripura,Dhalai,Karnamunipara,799289,tarja para
tripura,Dhalai,Ambassa,799289,vivekananda para
tripura,Dhalai,Kamalacherra,799289,abhiram para
tripura,Dhalai,Kanchanpur Colony,799289,Ambassa colony
tripura,Dhalai,Ambassa,799289,asok pally
tripura,Dhalai,Karnamunipara,799289,champarani para
tripura,Dhalai,Ambassa,799289,dalu bari
tripura,Dhalai,Harincherra,799289,delasai para
tripura,Dhalai,Kamalacherra,799289,dhan chara
tripura,Dhalai,Ganganagar Tribalcolony,799289,khowai par para
tripura,Dhalai,Lakraichowdhuripara,799289,Mog para
tripura,Dhalai,Lakraichowdhuripara,799289,Narajoy Para
tripura,Dhalai,Chandraipara,799289,paiza bari
tripura,Dhalai,Kamalacherra,799289,pata bari
tripura,Dhalai,Karnamunipara,799289,pusnjoy para
tripura,Dhalai,Ganganagar Tribalcolony,799289,safi roy para
tripura,Dhalai,Sikaribari,799289,satyram para
tripura,Dhalai,Karnamunipara,799289,tamarai para
tripura,Dhalai,Lakraichowdhuripara,799289,2-1/2 Mail
tripura,Dhalai,Ganganagar Tribalcolony,799289,betanga
tripura,Dhalai,Ganganagar Tribalcolony,799289,chanra sing para
tripura,Dhalai,Chandraipara,799289,d.m coloni
tripura,Dhalai,Sikaribari,799289,dong kr rai para
tripura,Dhalai,Ganganagar Tribalcolony,799289,Ganganagar
tripura,Dhalai,Ganganagar Tribalcolony,799289,kala bari
tripura,Dhalai,Ganganagar Tribalcolony,799289,krishna joy para
tripura,Dhalai,Chandraipara,799289,Lalchhari
tripura,Dhalai,Kamalacherra,799289,manik rai para
tripura,Dhalai,Ganganagar Tribalcolony,799289,maniram para
tripura,Dhalai,Kanchanpur Colony,799289,Nutan Pally
tripura,Dhalai,Ganganagar Tribalcolony,799289,parba mouni para
tripura,Dhalai,Chandraipara,799289,patua chara
tripura,Dhalai,Lakraichowdhuripara,799289,Prakrai Para
tripura,Dhalai,Chandraipara,799289,reang para
tripura,Dhalai,Ganganagar Tribalcolony,799289,ulem charra
tripura,Dhalai,Ambassa,799289,Ulemchhara
tripura,Dhalai,Harincherra,799289,bagai charra
tripura,Dhalai,Karnamunipara,799289,bijoy ram para
tripura,Dhalai,Harincherra,799289,biran jay para
tripura,Dhalai,Ganganagar Tribalcolony,799289,Chakmapara
tripura,Dhalai,Ambassa,799289,Gangaprasadpara
tripura,Dhalai,Lakraichowdhuripara,799289,Jaganathpur GP
tripura,Dhalai,Ambassa,799289,Jagannathpur
tripura,Dhalai,Kamalacherra,799289,Kamalachhara
tripura,Dhalai,Kanchanpur Colony,799289,Kanchanpur colony
tripura,Dhalai,Ganganagar Tribalcolony,799289,Karmapara
tripura,Dhalai,Ganganagar Tribalcolony,799289,katan joy para
tripura,Dhalai,Ganganagar Tribalcolony,799289,khumadan para
tripura,Dhalai,Lakraichowdhuripara,799289,Lakraichowdhuripara
tripura,Dhalai,Lakraichowdhuripara,799289,Nakal Debbarmapara
tripura,Dhalai,Sikaribari,799289,ranga chara
tripura,Dhalai,Lakraichowdhuripara,799289,Surendra Reang para
tripura,Dhalai,Ganganagar Tribalcolony,799289,thaiya roy para
tripura,Dhalai,Lakraichowdhuripara,799289,Uadhan Para
tripura,Dhalai,Ganganagar,799290,Siddhapara
tripura,North Tripura,Brahmacherra,799205,Lembu Charra
tripura,North Tripura,Brahmacherra,799205,Gamai bari
tripura,North Tripura,Brahmacherra,799205,Krishnapada para
tripura,North Tripura,Brahmacherra,799205,Anil das Para
tripura,North Tripura,Brahmacherra,799205,Kalai para
tripura,North Tripura,Brahmacherra,799205,Kapati Para
tripura,North Tripura,Dharmanagar,799250,officetila
tripura,North Tripura,Dharmanagar,799250,post officeroad
tripura,North Tripura,Dharmanagar,799250,nayapara
tripura,North Tripura,Dharmanagar,799250,old motorstand
tripura,North Tripura,Dharmanagar,799250,shibbariroad
tripura,North Tripura,Dharmanagar,799250,dnv road
tripura,North Tripura,Dharmanagar,799250,hrisiarabindalane
tripura,North Tripura,Dharmanagar,799250,jailroad
tripura,North Tripura,Dharmanagar,799250,dharmanagar
tripura,North Tripura,Dharmanagar,799250,rajarammohanroad
tripura,North Tripura,Dharmanagar,799250,s/p road
tripura,North Tripura,Dharmanagar,799250,sakaibari road
tripura,North Tripura,Dharmanagar,799250,sukanta sarani
tripura,North Tripura,Dharmanagar,799250,harichanroad
tripura,North Tripura,Dharmanagar,799250,pragati road
tripura,North Tripura,Dharmanagar,799250,thanaroad
tripura,North Tripura,Dharmanagar,799250,algapurroad
tripura,North Tripura,Dharmanagar,799250,harimandir road
tripura,North Tripura,Dharmanagar,799250,k c nathlane
tripura,North Tripura,Dharmanagar,799250,kalibai road
tripura,North Tripura,Dharmanagar,799250,madhubariroad
tripura,North Tripura,Dharmanagar,799250,madhya nayapara
tripura,North Tripura,Dharmanagar,799250,bazar road
tripura,North Tripura,Dharmanagar,799250,ranirasmani road
tripura,North Tripura,Dharmanagar,799250,saratpalli
tripura,North Tripura,Dharmanagar,799250,vairab sarani
tripura,North Tripura,Dharmanagar,799250,central road
tripura,North Tripura,Dharmanagar,799250,hospital road
tripura,North Tripura,Dharmanagar,799250,padmapur road
tripura,North Tripura,Dharmanagar,799250,r-k-missionroad
tripura,North Tripura,Dharmanagar,799250,vivekananda road
tripura,North Tripura,Chandrapur (North Tripura),799251,Baruakandi
tripura,North Tripura,Bhagyapur,799251,Bhagyapur
tripura,North Tripura,Sakaibari,799251,Bhatt para
tripura,North Tripura,Gobindapur,799251,Deb para
tripura,North Tripura,Kalacherra,799251,Gobindapur
tripura,North Tripura,Sakaibari,799251,Holycross School Road
tripura,North Tripura,Ichaisonapur,799251,Ichai Kachimnagar
tripura,North Tripura,Ichailalcherra,799251,Ichailalchhara
tripura,North Tripura,Bhagyapur,799251,Muslimpara
tripura,North Tripura,Gobindapur,799251,Nath para
tripura,North Tripura,Chandrapur (North Tripura),799251,Ragna
tripura,North Tripura,Raghna,799251,Ragna
tripura,North Tripura,Bhagyapur,799251,Sharmapara
tripura,North Tripura,Sonarurbassa,799251,Sunararbasa
tripura,North Tripura,Bakbaki,799251,Tulgoan
tripura,North Tripura,Baruakandi,799251,Bishghar Colony
tripura,North Tripura,Chandrapur (North Tripura),799251,Bokboki
tripura,North Tripura,Chandrapur (North Tripura),799251,Chandrapur
tripura,North Tripura,Bhagyapur,799251,Daspara
tripura,North Tripura,Huruah,799251,Hurua
tripura,North Tripura,Baruakandi,799251,Indira Colony
tripura,North Tripura,Bhagyapur,799251,Jala Bazar
tripura,North Tripura,Chandrapur (North Tripura),799251,Kalacherra
tripura,North Tripura,Sakaibari,799251,Masjid Road
tripura,North Tripura,Bhagyapur,799251,Nagpara
tripura,North Tripura,Kalacherra,799251,North Hurua
tripura,North Tripura,Pratyekroy,799251,Roypara
tripura,North Tripura,Ichailalcherra,799251,South Ichailalcherra
tripura,North Tripura,Chandrapur (North Tripura),799251,West Chandrapur
tripura,North Tripura,Dighalbak,799251,Dighal bak
tripura,North Tripura,Chandrapur (North Tripura),799251,Dighalbagh
tripura,North Tripura,Huruah,799251,Huruah
tripura,North Tripura,Chandrapur (North Tripura),799251,Ichai Sonapur
tripura,North Tripura,Ichaisonapur,799251,Ichaipar
tripura,North Tripura,Bakbaki,799251,Khali Bari
tripura,North Tripura,Baruakandi,799251,Musa tilla
tripura,North Tripura,Chandrapur (North Tripura),799251,Sakaibari
tripura,North Tripura,Ichailalcherra,799251,South Jalai Bari
tripura,North Tripura,Baruakandi,799251,60 Ghar Colony
tripura,North Tripura,Baruakandi,799251,Baruakandi
tripura,North Tripura,Gobindapur,799251,Debnath Para
tripura,North Tripura,Chandrapur (North Tripura),799251,Ichailal Cherra
tripura,North Tripura,Bhagyapur,799251,Sabdakarpara
tripura,North Tripura,Sakaibari,799251,Sakai bari
tripura,North Tripura,Bakbaki,799251,Chitaldhar
tripura,North Tripura,Ichailalcherra,799251,East Lal Cherra
tripura,North Tripura,Kalacherra,799251,Kala cherra
tripura,North Tripura,Pratyekroy,799251,Nama para
tripura,North Tripura,Gobindapur,799251,Namapara
tripura,North Tripura,Paschimchandrapur,799251,Paschim Chandrapur
tripura,North Tripura,Chandrapur (North Tripura),799251,Sonarerbassa
tripura,North Tripura,Bhagyapur,799251,Yakubnagar
tripura,North Tripura,Baruakandi,799251,Badshatilla
tripura,North Tripura,Baruakandi,799251,Bagantilla
tripura,North Tripura,Pratyekroy,799251,Balakarpara
tripura,North Tripura,Baruakandi,799251,Bungrang Bazar
tripura,North Tripura,Gobindapur,799251,Das para
tripura,North Tripura,Dighalbak,799251,Dighal bagh
tripura,North Tripura,Kalacherra,799251,East Hurua
tripura,North Tripura,Gobindapur,799251,Gobindapur
tripura,North Tripura,Chandrapur (North Tripura),799251,Hurua
tripura,North Tripura,Ichailalcherra,799251,Ichai joypur
tripura,North Tripura,Ichaisonapur,799251,Ichai Sonapur
tripura,North Tripura,Ichailalcherra,799251,Middle Ichailal cherra
tripura,North Tripura,Ichailalcherra,799251,North Ichailalcherra
tripura,North Tripura,Bhagyapur,799251,Paulpara
tripura,North Tripura,Chandrapur (North Tripura),799251,Pratyek Roy
tripura,North Tripura,Raghna,799251,Ragna
tripura,North Tripura,Ichailalcherra,799251,West Ichailal cherra
tripura,North Tripura,Chandrapur (North Tripura),799251,Govindapur
tripura,North Tripura,Ichaisonapur,799251,Ichai Baruakandi
tripura,North Tripura,Ichaisonapur,799251,Ichaisonapur
tripura,North Tripura,Baruakandi,799251,Kupatilla
tripura,North Tripura,Bhagyapur,799251,Manipuripara
tripura,North Tripura,Baruakandi,799251,Musatilla
tripura,North Tripura,Pratyekroy,799251,Pratyekrai
tripura,North Tripura,Bakbaki,799251,Bakboki
tripura,North Tripura,Chandrapur (North Tripura),799251,Bhagyapur
tripura,North Tripura,Bakbaki,799251,Khalibari
tripura,North Tripura,Bhagyapur,799251,Malakar Para
tripura,North Tripura,Gobindapur,799251,Manipuri para
tripura,North Tripura,Sakaibari,799251,Nath para
tripura,North Tripura,Pratyekroy,799251,Nathpara
tripura,North Tripura,Paschimchandrapur,799251,Paschim chandrapur
tripura,North Tripura,Sonarurbassa,799251,Sonarerbasa
tripura,North Tripura,South Ganganagar,799253,acharjeepara
tripura,North Tripura,Algapur,799253,algapurbazar
tripura,North Tripura,Kameswargaon,799253,collegeroad
tripura,North Tripura,Rajbari,799253,Durgapur
tripura,North Tripura,Algapur,799253,lokenathpalli
tripura,North Tripura,Rajbari,799253,Railway Colony
tripura,North Tripura,East Kamesawar,799253,sabajpur
tripura,North Tripura,Lalcherra Colony,799253,sabajpur 1part
tripura,North Tripura,East Huruah,799253,Sanicherra
tripura,North Tripura,Kakrirpar,799253,signalbasti
tripura,North Tripura,South Ganganagar,799253,south ganganagar vill
tripura,North Tripura,Kameswargaon,799253,sridharpur
tripura,North Tripura,Algapur,799253,suvadrapalli
tripura,North Tripura,Zaithang,799253,Zaitang
tripura,North Tripura,Algapur,799253,Algapur
tripura,North Tripura,Algapur,799253,algapurgp
tripura,North Tripura,South Ganganagar,799253,baidyapara
tripura,North Tripura,Dhupirbond,799253,dhupirbond vill
tripura,North Tripura,Dhupirbond,799253,dhupirbondgp
tripura,North Tripura,East Kamesawar,799253,East Kameswar
tripura,North Tripura,Radhapur,799253,East Radhapur
tripura,North Tripura,Dharmanagar College,799253,Gournagar
tripura,North Tripura,Kakrirpar,799253,indian oilpara
tripura,North Tripura,Kameswargaon,799253,kameswar gp
tripura,North Tripura,Kameswargaon,799253,kameswargaon village
tripura,North Tripura,Krishnapur,799253,krishnapur gp
tripura,North Tripura,Lalcherra Colony,799253,lalchara village
tripura,North Tripura,Bagbassa,799253,nanda colony
tripura,North Tripura,Radhapur,799253,Pal Para
tripura,North Tripura,Algapur,799253,rabindrapally
tripura,North Tripura,Radhapur,799253,Radhapur
tripura,North Tripura,Kakrirpar,799253,rly gatepara
tripura,North Tripura,East Kamesawar,799253,south hurua
tripura,North Tripura,Algapur,799253,swarupananda asram road
tripura,North Tripura,Kakrirpar,799253,tongibariwest
tripura,North Tripura,Zaithang,799253,Zarolian
tripura,North Tripura,Radhapur,799253,Bhat Para
tripura,North Tripura,South Ganganagar,799253,daspara
tripura,North Tripura,South Ganganagar,799253,debbarma para
tripura,North Tripura,South Ganganagar,799253,durgeskalibaripara
tripura,North Tripura,Algapur,799253,east algapur
tripura,North Tripura,East Huruah,799253,East Hurua
tripura,North Tripura,Kameswargaon,799253,jamirala
tripura,North Tripura,Rajbari,799253,Mandap Para
tripura,North Tripura,Algapur,799253,netaji para
tripura,North Tripura,East Kamesawar,799253,sanjoycolony
tripura,North Tripura,Tripura Ganganagar,799253,Aktapara
tripura,North Tripura,Kakrirpar,799253,Baraitilla
tripura,North Tripura,Tripura Ganganagar,799253,Das Para
tripura,North Tripura,Kakrirpar,799253,Kakrirpar
tripura,North Tripura,Krishnapur,799253,Krishnapur
tripura,North Tripura,Lalcherra Colony,799253,manikchara
tripura,North Tripura,Bagbassa,799253,mission compound
tripura,North Tripura,Tripura Ganganagar,799253,Nath Patti
tripura,North Tripura,Tripura Ganganagar,799253,North Ganganagar
tripura,North Tripura,Kakrirpar,799253,radaramanasramroad
tripura,North Tripura,Rajbari,799253,Rajbari
tripura,North Tripura,East Huruah,799253,Sanjoy Colony
tripura,North Tripura,Tripura Ganganagar,799253,south ganganagar1part
tripura,North Tripura,Rajbari,799253,TRTC Para
tripura,North Tripura,Rajbari,799253,Vidhya Sagar Sarani Road
tripura,North Tripura,Algapur,799253,Agnipasa West Road
tripura,North Tripura,Radhapur,799253,Balaram Para
tripura,North Tripura,Tripura Ganganagar,799253,Bhumik Para
tripura,North Tripura,East Huruah,799253,East Hurua
tripura,North Tripura,East Huruah,799253,Kala Chara
tripura,North Tripura,East Kamesawar,799253,missiontila
tripura,North Tripura,Bagbassa,799253,noagang
tripura,North Tripura,South Ganganagar,799253,South Ganga nagar
tripura,North Tripura,Kameswargaon,799253,south hurua1/2part
tripura,North Tripura,Zaithang,799253,Thangnang
tripura,North Tripura,Zaithang,799253,Tongchera
tripura,North Tripura,Algapur,799253,west algapur
tripura,North Tripura,Tripura Ganganagar,799253,Deb Para
tripura,North Tripura,Dhupirbond,799253,Dhupirband
tripura,North Tripura,Tripura Ganganagar,799253,Ganganagar
tripura,North Tripura,Bagbassa,799253,indrachara
tripura,North Tripura,Dhupirbond,799253,juraculbert
tripura,North Tripura,Kameswargaon,799253,Kameswar
tripura,North Tripura,Dhupirbond,799253,katauni
tripura,North Tripura,Dhupirbond,799253,krishnapur4
tripura,North Tripura,Dhupirbond,799253,latugaon
tripura,North Tripura,Algapur,799253,maikrowavepara
tripura,North Tripura,Algapur,799253,ramkrishnapalli
tripura,North Tripura,East Huruah,799253,South Hurua
tripura,North Tripura,Tripura Ganganagar,799253,South Ganganagar
tripura,North Tripura,Algapur,799253,west chararpar
tripura,North Tripura,Zaithang,799253,Zoitang
tripura,North Tripura,Bagbassa,799253,Bagbasa
tripura,North Tripura,Bagbassa,799253,bagbassavill
tripura,North Tripura,Bagbassa,799253,chandapara
tripura,North Tripura,East Kamesawar,799253,east kameswar
tripura,North Tripura,Algapur,799253,goswamipara
tripura,North Tripura,East Huruah,799253,Gowala Basti
tripura,North Tripura,South Ganganagar,799253,halampara
tripura,North Tripura,Bagbassa,799253,hindustani para
tripura,North Tripura,Dhupirbond,799253,lalchara-5
tripura,North Tripura,Lalcherra Colony,799253,Lalcherra colony
tripura,North Tripura,South Ganganagar,799253,nathpara
tripura,North Tripura,East Kamesawar,799253,north ganganagar
tripura,North Tripura,South Ganganagar,799253,pancayetpara
tripura,North Tripura,Lalcherra Colony,799253,tongibarimadhya
tripura,North Tripura,Kakrirpar,799253,1/2kameswar
tripura,North Tripura,Krishnapur,799253,charupasa
tripura,North Tripura,South Ganganagar,799253,debpara
tripura,North Tripura,East Kamesawar,799253,east batarasi
tripura,North Tripura,Kakrirpar,799253,kakrirparvillage
tripura,North Tripura,South Ganganagar,799253,muslimpara
tripura,North Tripura,Krishnapur,799253,west tongibari
tripura,North Tripura,Baithangbari,799254,bhagiroth para
tripura,North Tripura,Baithangbari,799254,bsfcamp
tripura,North Tripura,Jubarajnagar,799254,itcolony
tripura,North Tripura,Jubarajnagar,799254,Jubarajnagar
tripura,North Tripura,Halflongcherra,799254,Purba Halflong
tripura,North Tripura,Balidhum,799254,tribalpara
tripura,North Tripura,Rajnagar Laxmipur,799254,uttar rajnagar
tripura,North Tripura,Balidhum,799254,balidhumvill
tripura,North Tripura,Paschim Radhapur,799254,krishnapur
tripura,North Tripura,Rajnagar Laxmipur,799254,madhuban
tripura,North Tripura,Jubarajnagar,799254,panchayetpara
tripura,North Tripura,Rajnagar Laxmipur,799254,rl bazar
tripura,North Tripura,Dewanpassa,799254,srivumi
tripura,North Tripura,Baithangbari,799254,balidhum gp
tripura,North Tripura,Balidhum,799254,bangardhum
tripura,North Tripura,Balidhum,799254,bttacolony
tripura,North Tripura,Rajnagar Laxmipur,799254,laxmipur
tripura,North Tripura,Baithangbari,799254,b-bariphar
tripura,North Tripura,Balidhum,799254,Balidhum
tripura,North Tripura,Baithangbari,799254,bireshpara
tripura,North Tripura,Baithangbari,799254,border
tripura,North Tripura,Balidhum,799254,bridgepara
tripura,North Tripura,Jubarajnagar,799254,madhya j-nagar
tripura,North Tripura,Baithangbari,799254,malakarpara
tripura,North Tripura,Dewanpassa,799254,mantala
tripura,North Tripura,Dewanpassa,799254,munipuribasti
tripura,North Tripura,Balidhum,799254,tapihampara
tripura,North Tripura,Jubarajnagar,799254,colonyy
tripura,North Tripura,Rajnagar Laxmipur,799254,kalikapur
tripura,North Tripura,Dewanpassa,799254,southbaruakandi
tripura,North Tripura,Dewanpassa,799254,sripurbazar
tripura,North Tripura,Balidhum,799254,uttarbalidhum
tripura,North Tripura,Paschim Radhapur,799254,NAME
tripura,North Tripura,Halflongcherra,799254,balidum
tripura,North Tripura,Jubarajnagar,799254,dattapara
tripura,North Tripura,Dewanpassa,799254,Dewanpasa
tripura,North Tripura,Baithangbari,799254,hospitalroad
tripura,North Tripura,Jubarajnagar,799254,j-nagarbazar
tripura,North Tripura,Rajnagar Laxmipur,799254,Rajnagar
tripura,North Tripura,Baithangbari,799254,reangpara
tripura,North Tripura,Paschim Radhapur,799254,urrarradapur
tripura,North Tripura,Paschim Radhapur,799254,West Radhapur
tripura,North Tripura,Jubarajnagar,799254,anganwariside
tripura,North Tripura,Baithangbari,799254,Baithangbari
tripura,North Tripura,Rajnagar Laxmipur,799254,daskinrlnagar
tripura,North Tripura,Jubarajnagar,799254,dhakinkandi
tripura,North Tripura,Jubarajnagar,799254,Jubarajnagar
tripura,North Tripura,Rajnagar Laxmipur,799254,madhya rajnagar
tripura,North Tripura,Jubarajnagar,799254,north jubarajnagar
tripura,North Tripura,Dewanpassa,799254,panchayetofficepara
tripura,North Tripura,Halflongcherra,799254,Paschim Halflong
tripura,North Tripura,Rajnagar Laxmipur,799254,rajnagar colony
tripura,North Tripura,Paschim Radhapur,799254,schoolsite
tripura,North Tripura,Balidhum,799254,dakinpar
tripura,North Tripura,Halflongcherra,799254,Haflongcherra
tripura,North Tripura,Jubarajnagar,799254,j-nagarsouth
tripura,North Tripura,Dewanpassa,799254,northdewanpasa
tripura,North Tripura,Baithangbari,799254,slyanmanipara
tripura,North Tripura,Dewanpassa,799254,sripur
tripura,North Tripura,Khedacherra,799256,bahadura para
tripura,North Tripura,Tripura Damcherra,799256,bahadura para r/f
tripura,North Tripura,Kacharicherra,799256,Banadur kaipengpara
tripura,North Tripura,Tripura Damcherra,799256,Choraibung
tripura,North Tripura,Tripura Damcherra,799256,Damchhara
tripura,North Tripura,Piplacherra,799256,Darlongpara
tripura,North Tripura,Khedacherra,799256,kala ganga
tripura,North Tripura,Tripura Damcherra,799256,Kamalachara
tripura,North Tripura,Narendranagar,799256,NarendanagarEast
tripura,North Tripura,Piplacherra,799256,Rajurapini para
tripura,North Tripura,Khedacherra,799256,rani para
tripura,North Tripura,Tripura Damcherra,799256,Ashoknagar
tripura,North Tripura,Khedacherra,799256,kala bari
tripura,North Tripura,Khedacherra,799256,mona chara
tripura,North Tripura,Narendranagar,799256,Narendranagar
tripura,North Tripura,Khedacherra,799256,pandiram para
tripura,North Tripura,Kacharicherra,799256,Purbokachari
tripura,North Tripura,Piplacherra,799256,Purnarampara
tripura,North Tripura,Tripura Damcherra,799256,Damchara Bazar
tripura,North Tripura,Piplacherra,799256,EastRahumcherra
tripura,North Tripura,Kacharicherra,799256,Kacharichhara
tripura,North Tripura,Tripura Damcherra,799256,Kaskaupara
tripura,North Tripura,Khedacherra,799256,khedacharra bazar
tripura,North Tripura,Piplacherra,799256,Likendrapara
tripura,North Tripura,Piplacherra,799256,Muslinpara
tripura,North Tripura,Tripura Damcherra,799256,Muzaffar nagar
tripura,North Tripura,Piplacherra,799256,Shibnagar
tripura,North Tripura,Kacharicherra,799256,Tabjiraipara
tripura,North Tripura,Khedacherra,799256,bahadura para r/f
tripura,North Tripura,Tripura Damcherra,799256,Bangsul
tripura,North Tripura,Khedacherra,799256,Bidhya Nagar
tripura,North Tripura,Kacharicherra,799256,Bishnuchoron para
tripura,North Tripura,Narendranagar,799256,Choukidarpara
tripura,North Tripura,Khedacherra,799256,duganga
tripura,North Tripura,Tripura Damcherra,799256,Kacharichhara
tripura,North Tripura,Khedacherra,799256,kalai malsam para
tripura,North Tripura,Kacharicherra,799256,Komlashory
tripura,North Tripura,Narendranagar,799256,Radhakrishna West
tripura,North Tripura,Kacharicherra,799256,Uttamjoypara
tripura,North Tripura,Narendranagar,799256,Basantanagar
tripura,North Tripura,Tripura Damcherra,799256,Jahar colony
tripura,North Tripura,Piplacherra,799256,Khagendrapara
tripura,North Tripura,Kacharicherra,799256,Laichakpara
tripura,North Tripura,Khedacherra,799256,mona chara nrth
tripura,North Tripura,Kacharicherra,799256,Ranipara
tripura,North Tripura,Tripura Damcherra,799256,Tripura Damcherra
tripura,North Tripura,Khedacherra,799256,uj ram para
tripura,North Tripura,Kacharicherra,799256,Kacharicherra
tripura,North Tripura,Narendranagar,799256,NarandranagarWest
tripura,North Tripura,Piplacherra,799256,Nitainagar
tripura,North Tripura,Piplacherra,799256,Piplachhara
tripura,North Tripura,Narendranagar,799256,SouthGandhitilla
tripura,North Tripura,Piplacherra,799256,Thumsaraipara
tripura,North Tripura,Tripura Damcherra,799256,Block tilla
tripura,North Tripura,Tripura Damcherra,799256,Damchhara R.F
tripura,North Tripura,Kacharicherra,799256,Ganggajoypara
tripura,North Tripura,Tripura Damcherra,799256,Kargit tila
tripura,North Tripura,Piplacherra,799256,Padmaluchanpara
tripura,North Tripura,Narendranagar,799256,Radhakishorpur
tripura,North Tripura,Piplacherra,799256,Raichandra para
tripura,North Tripura,Narendranagar,799256,Ashoknagar
tripura,North Tripura,Piplacherra,799256,Daktardualpara
tripura,North Tripura,Khedacherra,799256,hamsa para
tripura,North Tripura,Tripura Damcherra,799256,Kanajuri
tripura,North Tripura,Khedacherra,799256,Khedachhara
tripura,North Tripura,Tripura Damcherra,799256,Nabagram
tripura,North Tripura,Kacharicherra,799256,Santipur
tripura,North Tripura,Kacharicherra,799256,Wambukcherra
tripura,North Tripura,North Padmabil,799260,anganwariparsan
tripura,North Tripura,West Panisagar,799260,Bhati Sailenbari
tripura,North Tripura,Tilthai,799260,Bhumihin colony
tripura,North Tripura,Bilthai,799260,Bilthai H.S. School
tripura,North Tripura,Ujan Sailenbari,799260,Chandra Halam Para
tripura,North Tripura,Deocherra,799260,Deochhara
tripura,North Tripura,Padmabil,799260,Garjan Tila
tripura,North Tripura,Pekucherr,799260,Halam Basti
tripura,North Tripura,Jalebassa,799260,Jalebasa
tripura,North Tripura,Panisagar,799260,Jalebasa
tripura,North Tripura,Jalabazar,799260,Paschim Jalabazar
tripura,North Tripura,Tilthai,799260,Paschim Tilthai
tripura,North Tripura,Jalebassa,799260,South Jalabasa
tripura,North Tripura,Ujan Sailenbari,799260,South Panisagar
tripura,North Tripura,Uptakhali,799260,Uptakhali
tripura,North Tripura,Uptakhali,799260,West uptakhali
tripura,North Tripura,Agnipassa,799260,agnipasa colony
tripura,North Tripura,Agnipassa,799260,bajar
tripura,North Tripura,Tilthai,799260,Betangi
tripura,North Tripura,North Padmabil,799260,bisaribari
tripura,North Tripura,West Panisagar,799260,BSF Camp Road
tripura,North Tripura,Bilthai,799260,Chamtila
tripura,North Tripura,Agnipassa,799260,daspaara
tripura,North Tripura,Pekucherr,799260,Kukinala est road
tripura,North Tripura,Deocherra,799260,mainroad
tripura,North Tripura,Jalebassa,799260,Naydrone rubber basti
tripura,North Tripura,Ujan Sailenbari,799260,Rubber R.C. Area
tripura,North Tripura,Panisagar,799260,School tilla
tripura,North Tripura,Deocherra,799260,tiltoiroad
tripura,North Tripura,Ujan Sailenbari,799260,Ujan Sailenbari
tripura,North Tripura,Pekucherr,799260,Agnipasa West Road
tripura,North Tripura,Agnipassa,799260,basti
tripura,North Tripura,Rowabazar,799260,Batrish Drone
tripura,North Tripura,Bilthai,799260,Bilthai Madrasa
tripura,North Tripura,West Panisagar,799260,Chandra Halam Gram
tripura,North Tripura,Padmabil,799260,Deb Barma Basti
tripura,North Tripura,Deocherra,799260,deocharagao
tripura,North Tripura,Panisagar,799260,Indurail
tripura,North Tripura,Panisagar,799260,Jalabasa Road
tripura,North Tripura,Agnipassa,799260,mahadevbari
tripura,North Tripura,Panisagar,799260,Muslim para
tripura,North Tripura,Tilthai,799260,Nayapassa
tripura,North Tripura,Deocherra,799260,nutanbazar
tripura,North Tripura,Padmabil,799260,Padmabil H.S. +2 stage School
tripura,North Tripura,Tilthai Nutanbazar,799260,Paul gaon
tripura,North Tripura,Jalabazar,799260,Purba jalabazar
tripura,North Tripura,Janata College,799260,Ramnagar Orphanage
tripura,North Tripura,Rowabazar,799260,Roa
tripura,North Tripura,Indurail,799260,Shimultila
tripura,North Tripura,Tilthai,799260,Tilthai Hospital Raod
tripura,North Tripura,Tilthai,799260,Bhumihin tilla area
tripura,North Tripura,Bilthai,799260,Bilthai SB School
tripura,North Tripura,Rowabazar,799260,Chamtilla
tripura,North Tripura,Pekucherr,799260,Jalabasa north road
tripura,North Tripura,Janata College,799260,Janata College
tripura,North Tripura,West Panisagar,799260,Mahadeb bari
tripura,North Tripura,Tilthai Nutanbazar,799260,Nayapasa
tripura,North Tripura,West Panisagar,799260,North West Panisagar
tripura,North Tripura,Padmabil,799260,Padmabil Nutun Bazar
tripura,North Tripura,Rowabazar,799260,Rowa colony
tripura,North Tripura,Panisagar,799260,Sailenbari Road
tripura,North Tripura,Tilthai Nutanbazar,799260,Selfai cherra
tripura,North Tripura,Indurail,799260,South Padmabil G.P
tripura,North Tripura,Panisagar,799260,station para
tripura,North Tripura,North Padmabil,799260,Uttar Padmabil
tripura,North Tripura,Rahumcherra,799260,Baluk Chera
tripura,North Tripura,Bilthai,799260,Chamtilla GREF Camp
tripura,North Tripura,Bilthai,799260,Chandpur
tripura,North Tripura,Deocherra,799260,charubasa
tripura,North Tripura,Uptakhali,799260,Charupassa
tripura,North Tripura,Tilthai,799260,Community hall area
tripura,North Tripura,North Padmabil,799260,debhati
tripura,North Tripura,Agnipassa,799260,east agnipasa
tripura,North Tripura,Tilthai Nutanbazar,799260,Kaishyaram para
tripura,North Tripura,Panisagar,799260,Manipuripara
tripura,North Tripura,Tilthai Nutanbazar,799260,Naogaon
tripura,North Tripura,Indurail,799260,Naydrone Muslim para
tripura,North Tripura,Padmabil,799260,Padmabil
tripura,North Tripura,Panisagar,799260,Panisagar
tripura,North Tripura,Panisagar,799260,RAILWAY STATION ROAD
tripura,North Tripura,Rowabazar,799260,Rowa
tripura,North Tripura,Tilthai,799260,saat drone
tripura,North Tripura,Janata College,799260,South Ram nagar
tripura,North Tripura,Tilthai,799260,Tilthai School para
tripura,North Tripura,Tilthai Nutanbazar,799260,West Tilthai
tripura,North Tripura,Agnipassa,799260,agnipasa
tripura,North Tripura,Agnipassa,799260,agnipassa
tripura,North Tripura,Tilthai Nutanbazar,799260,Bairagibari
tripura,North Tripura,Jalebassa,799260,Barabari
tripura,North Tripura,Panisagar,799260,GREF ROAD
tripura,North Tripura,Indurail,799260,Indurail ADC Village
tripura,North Tripura,Jalabazar,799260,Jalabazar
tripura,North Tripura,Pekucherr,799260,Juri Crossing est Road
tripura,North Tripura,Jalebassa,799260,Kunjanagar
tripura,North Tripura,Jalebassa,799260,Madhabpur
tripura,North Tripura,Agnipassa,799260,madhya agnipassa
tripura,North Tripura,West Panisagar,799260,Pal para
tripura,North Tripura,Pekucherr,799260,Panisagar West Road
tripura,North Tripura,Padmabil,799260,South Padmabil
tripura,North Tripura,Panisagar,799260,Surjasenpara
tripura,North Tripura,Tilthai,799260,Tithai Bank AREA
tripura,North Tripura,West Panisagar,799260,West Panisagar
tripura,North Tripura,North Padmabil,799260,Dakshin Padmabil
tripura,North Tripura,West Panisagar,799260,Dakshin Panisagar
tripura,North Tripura,Indurail,799260,Indurail
tripura,North Tripura,Jalebassa,799260,Jalabasa Bazar
tripura,North Tripura,Juri R.F,799260,Juri
tripura,North Tripura,Juri R.F,799260,Juri R.F
tripura,North Tripura,Jalebassa,799260,Kewri
tripura,North Tripura,Panisagar,799260,nayakalitila
tripura,North Tripura,Jalebassa,799260,Naydrone Colony
tripura,North Tripura,Rowabazar,799260,Nindatilla
tripura,North Tripura,North Padmabil,799260,p-bil howr
tripura,North Tripura,Rahumcherra,799260,Rahumchhara
tripura,North Tripura,Janata College,799260,Ramnagar
tripura,North Tripura,Tilthai,799260,TiIthai Choudhury para
tripura,North Tripura,Tilthai,799260,Tilthai Bazar
tripura,North Tripura,Tilthai Nutanbazar,799260,Tilthai Nutun Bazar
tripura,North Tripura,Panisagar,799260,Baraitilla
tripura,North Tripura,Bilthai,799260,Bilthai
tripura,North Tripura,Indurail,799260,Chankhlabari
tripura,North Tripura,North Padmabil,799260,daspati
tripura,North Tripura,Juri R.F,799260,DebBarma Basti
tripura,North Tripura,Deocherra,799260,deocharabazar
tripura,North Tripura,Tilthai,799260,East tilthai
tripura,North Tripura,Panisagar,799260,Fishery para
tripura,North Tripura,West Panisagar,799260,J.B. Madrasa Muslim Basti
tripura,North Tripura,Jalabazar,799260,Jala bazar
tripura,North Tripura,North Padmabil,799260,malakarparra
tripura,North Tripura,Tilthai,799260,Noagaon
tripura,North Tripura,Panisagar,799260,old post office road
tripura,North Tripura,Pekucherr,799260,Pekuchhara
tripura,North Tripura,Tilthai,799260,Purba Tilthai
tripura,North Tripura,Rowabazar,799260,Rowa wild life century
tripura,North Tripura,Deocherra,799260,schoolparra
tripura,North Tripura,Tilthai,799260,South tilthai
tripura,North Tripura,Jalebassa,799260,West jalabasa
tripura,North Tripura,Kurit,799261,bangalbosti
tripura,North Tripura,Kurit,799261,daspatti
tripura,North Tripura,Sarala,799261,harindra chara
tripura,North Tripura,Tarakpur,799261,kalachara
tripura,North Tripura,Kadamtala (North Tripura),799261,kalagangerpar
tripura,North Tripura,Brajendranagar,799261,kataljalai
tripura,North Tripura,Kalagangar Par,799261,lambatila
tripura,North Tripura,Tarakpur,799261,madrasapara
tripura,North Tripura,Kurit,799261,madrasapara2
tripura,North Tripura,Tarakpur,799261,mahadebbari
tripura,North Tripura,Rakhalgang,799261,Maheshpur
tripura,North Tripura,Premtala,799261,Prem tala
tripura,North Tripura,Kadamtala (North Tripura),799261,rakhalganj
tripura,North Tripura,Ranibari,799261,ranibarivill
tripura,North Tripura,Kalagangar Par,799261,saraspur colony
tripura,North Tripura,Tarakpur,799261,shaitala
tripura,North Tripura,Amtilla,799261,tantipara2
tripura,North Tripura,Pearacherra,799261,tribal colony
tripura,North Tripura,Kadamtala (North Tripura),799261,vitargul
tripura,North Tripura,Rakhalgang,799261,west amtila
tripura,North Tripura,Kadamtala (North Tripura),799261,amtila
tripura,North Tripura,Ranibari,799261,gangachara
tripura,North Tripura,Sarala,799261,harinachara
tripura,North Tripura,Pearacherra,799261,indira colony2
tripura,North Tripura,Kadamtala (North Tripura),799261,julaibassa
tripura,North Tripura,Kadamtala (North Tripura),799261,kalibari
tripura,North Tripura,Brajendranagar,799261,kandapara
tripura,North Tripura,Brajendranagar,799261,matijhil
tripura,North Tripura,Ranibari,799261,Ranibari
tripura,North Tripura,Brajendranagar,799261,tongipara
tripura,North Tripura,Tarakpur,799261,uttar tarakpur
tripura,North Tripura,Kalagangar Par,799261,12-drone
tripura,North Tripura,Kadamtala (North Tripura),799261,40drone
tripura,North Tripura,Rakhalgang,799261,Bishnupur
tripura,North Tripura,Rakhalgang,799261,bisnupur2
tripura,North Tripura,Kadamtala (North Tripura),799261,brajendranagarvill
tripura,North Tripura,Kadamtala (North Tripura),799261,deobari
tripura,North Tripura,Brajendranagar,799261,goupara
tripura,North Tripura,Ranibari,799261,howor
tripura,North Tripura,Kadamtala (North Tripura),799261,julaibari
tripura,North Tripura,Brajendranagar,799261,kargil basti
tripura,North Tripura,Kurit,799261,kurtiborder
tripura,North Tripura,Rakhalgang,799261,lalchara
tripura,North Tripura,Kadamtala (North Tripura),799261,maheshpurgram
tripura,North Tripura,Brajendranagar,799261,malakarpara
tripura,North Tripura,Kadamtala (North Tripura),799261,rajnagar
tripura,North Tripura,Sarala,799261,saralavill
tripura,North Tripura,Sarala,799261,saraspurgao
tripura,North Tripura,Tarakpur,799261,Tarak pur
tripura,North Tripura,Kadamtala (North Tripura),799261,tarakpur
tripura,North Tripura,Amtilla,799261,telenga basti
tripura,North Tripura,Kadamtala (North Tripura),799261,thekni
tripura,North Tripura,Amtilla,799261,tilagour
tripura,North Tripura,Kadamtala (North Tripura),799261,uttarfulbari
tripura,North Tripura,Amtilla,799261,amtilaborder
tripura,North Tripura,Kadamtala (North Tripura),799261,baghan
tripura,North Tripura,Kalagangar Par,799261,bhitargul
tripura,North Tripura,Brajendranagar,799261,Brajendranagar
tripura,North Tripura,Tarakpur,799261,gangajal centre
tripura,North Tripura,Pearacherra,799261,joysingual
tripura,North Tripura,Brajendranagar,799261,madrajipara
tripura,North Tripura,Pearacherra,799261,mohanteki
tripura,North Tripura,Kadamtala (North Tripura),799261,premtala
tripura,North Tripura,Ranibari,799261,Satsangam
tripura,North Tripura,Kalagangar Par,799261,south rajnagar
tripura,North Tripura,Brajendranagar,799261,tasil court
tripura,North Tripura,Ranibari,799261,teagarden
tripura,North Tripura,Amtilla,799261,uttarjoypur
tripura,North Tripura,Sarala,799261,bamnia
tripura,North Tripura,Kadamtala (North Tripura),799261,bargul
tripura,North Tripura,Ranibari,799261,birajanagar
tripura,North Tripura,Pearacherra,799261,dakin bagan
tripura,North Tripura,Kalagangar Par,799261,Kalagangarpar
tripura,North Tripura,Kalagangar Par,799261,kalagangerpargram
tripura,North Tripura,Brajendranagar,799261,khulidar
tripura,North Tripura,Ranibari,799261,meribasti
tripura,North Tripura,Premtala,799261,Purba Premtala
tripura,North Tripura,Kadamtala (North Tripura),799261,ranibarivillage
tripura,North Tripura,Amtilla,799261,Saraspur
tripura,North Tripura,Kadamtala (North Tripura),799261,shibbari
tripura,North Tripura,Kurit,799261,deobari2
tripura,North Tripura,Brajendranagar,799261,dhupirtla
tripura,North Tripura,Pearacherra,799261,ekardari
tripura,North Tripura,Kadamtala (North Tripura),799261,kadamtalabazar
tripura,North Tripura,Sarala,799261,kudiram colony
tripura,North Tripura,Kadamtala (North Tripura),799261,kurtivill
tripura,North Tripura,Kurit,799261,maniknagar
tripura,North Tripura,Amtilla,799261,palpara
tripura,North Tripura,Brajendranagar,799261,paschimgaon
tripura,North Tripura,Kadamtala (North Tripura),799261,pearachara
tripura,North Tripura,Pearacherra,799261,Piarachhara
tripura,North Tripura,Rakhalgang,799261,purangarad2
tripura,North Tripura,Rakhalgang,799261,rakalganj bazar
tripura,North Tripura,Amtilla,799261,s-rajnagar
tripura,North Tripura,Kadamtala (North Tripura),799261,saralagram
tripura,North Tripura,Pearacherra,799261,sunaichari
tripura,North Tripura,Amtilla,799261,Amtilla
tripura,North Tripura,Ranibari,799261,bazarpatti
tripura,North Tripura,Tarakpur,799261,islami masjid
tripura,North Tripura,Kadamtala (North Tripura),799261,jherjeri
tripura,North Tripura,Tarakpur,799261,kalavchand bari
tripura,North Tripura,Kurit,799261,kulipara
tripura,North Tripura,Ranibari,799261,kulipatti
tripura,North Tripura,Kurit,799261,Kurti
tripura,North Tripura,Amtilla,799261,manik nagar
tripura,North Tripura,Amtilla,799261,mohanliki
tripura,North Tripura,Sarala,799261,purangarad
tripura,North Tripura,Brajendranagar,799261,s-gongachara
tripura,North Tripura,Sarala,799261,Sarala
tripura,North Tripura,Brajendranagar,799261,tila gaon
tripura,North Tripura,Pearacherra,799261,tongibari1/2
tripura,North Tripura,Brajendranagar,799261,tribalpara
tripura,North Tripura,Rakhalgang,799261,1/2mahespur
tripura,North Tripura,Rakhalgang,799261,chitaldar
tripura,North Tripura,Kadamtala (North Tripura),799261,Kadamtala
tripura,North Tripura,Kurit,799261,kurti bazar
tripura,North Tripura,Pearacherra,799261,pearachara colony
tripura,North Tripura,Kadamtala (North Tripura),799261,purangarad
tripura,North Tripura,Kurit,799261,rajnagar2
tripura,North Tripura,Tarakpur,799261,rajnagarbazar
tripura,North Tripura,Kadamtala (North Tripura),799261,saraspurgram
tripura,North Tripura,Pearacherra,799261,sonaimuri
tripura,North Tripura,Kurit,799261,tahsilpara
tripura,North Tripura,Fulbari,799262,hazratpara
tripura,North Tripura,Churaibari,799262,Jalaibari
tripura,North Tripura,Kheranjuri,799262,madhya kherengjuri
tripura,North Tripura,Sanicherra,799262,muslimpatti
tripura,North Tripura,Kheranjuri,799262,chararpararea
tripura,North Tripura,Kheranjuri,799262,Tipra charra
tripura,North Tripura,Balicherra,799262,Duiganga
tripura,North Tripura,Sanicherra,799262,East Sanichera
tripura,North Tripura,Fulbari,799262,fulbari
tripura,North Tripura,Balicherra,799262,Khulitcheera
tripura,North Tripura,Churaibari,799262,North Fulbari
tripura,North Tripura,Fulbari,799262,purba fulbari
tripura,North Tripura,Sanicherra,799262,South Sonichera
tripura,North Tripura,Sanicherra,799262,battapara
tripura,North Tripura,Fulbari,799262,madhyafulbari
tripura,North Tripura,Balicherra,799262,panchayetpara
tripura,North Tripura,Balicherra,799262,purbabalichara
tripura,North Tripura,Churaibari,799262,West Fulbari
tripura,North Tripura,Balicherra,799262,anganwaripara
tripura,North Tripura,Balicherra,799262,balicharagram
tripura,North Tripura,Churaibari,799262,Gouripur
tripura,North Tripura,Kheranjuri,799262,hindupara
tripura,North Tripura,Churaibari,799262,Purba Madhya Fulbari
tripura,North Tripura,Churaibari,799262,Sanichhara
tripura,North Tripura,Balicherra,799262,schoolpara
tripura,North Tripura,Kheranjuri,799262,schoolside
tripura,North Tripura,Fulbari,799262,tilapara
tripura,North Tripura,Sanicherra,799262,uttarsanichara
tripura,North Tripura,Sanicherra,799262,West Sanichera
tripura,North Tripura,Fulbari,799262,bangalpara
tripura,North Tripura,Fulbari,799262,bazar para
tripura,North Tripura,Balicherra,799262,blicharabazar
tripura,North Tripura,Kheranjuri,799262,Challish Drun
tripura,North Tripura,Churaibari,799262,Madhya Fulbari
tripura,North Tripura,Fulbari,799262,quary para
tripura,North Tripura,Fulbari,799262,schoolside area
tripura,North Tripura,Sanicherra,799262,Sonichera Coloney
tripura,North Tripura,Balicherra,799262,west duiganga
tripura,North Tripura,Fulbari,799262,dakhin fulbari
tripura,North Tripura,Balicherra,799262,Kaloichan
tripura,North Tripura,Fulbari,799262,madhya para
tripura,North Tripura,Fulbari,799262,uttarfulbarivil
tripura,North Tripura,Kheranjuri,799262,uttarkherengjuri
tripura,North Tripura,Kheranjuri,799262,bazarpara
tripura,North Tripura,Balicherra,799262,Churaibari
tripura,North Tripura,Churaibari,799262,Churaibari
tripura,North Tripura,Fulbari,799262,daspara
tripura,North Tripura,Kheranjuri,799262,Kherenjuri
tripura,North Tripura,Sanicherra,799262,kuliparagao
tripura,North Tripura,Kheranjuri,799262,muslimpara
tripura,North Tripura,Sanicherra,799262,sanicharabazar
tripura,North Tripura,Sanicherra,799262,schulpara
tripura,North Tripura,Churaibari,799262,South Fulbari
tripura,North Tripura,Sanicherra,799262,tilavari
tripura,North Tripura,Pecharthal,799263,Balanawcharra
tripura,North Tripura,Pecharthal,799263,Barpera
tripura,North Tripura,Pecharthal,799263,Bhuiya charra
tripura,North Tripura,Pecharthal,799263,BIllurapur
tripura,North Tripura,Pecharthal,799263,Depacharrasheel
tripura,North Tripura,Pecharthal,799263,Holdi charra
tripura,North Tripura,Pecharthal,799263,Kirod charra
tripura,North Tripura,Pecharthal,799263,Lamba charra
tripura,North Tripura,Ramgunapara,799263,Laxmipur North
tripura,North Tripura,Nalkata,799263,Nalkata
tripura,North Tripura,Ramgunapara,799263,Narayanpur West
tripura,North Tripura,Andharcherra,799263,Paschim Andharchhara
tripura,North Tripura,Andharcherra,799263,Purba Andharchhara
tripura,North Tripura,Pecharthal,799263,R.D.Blockoffices
tripura,North Tripura,Pecharthal,799263,Sablai chandra para
tripura,North Tripura,Pecharthal,799263,Sanatilla
tripura,North Tripura,Krishnatilla,799263,Brindhabanpur
tripura,North Tripura,Pecharthal,799263,Durgapur
tripura,North Tripura,Pecharthal,799263,e.d.p.o offices
tripura,North Tripura,Pecharthal,799263,Jagari charre
tripura,North Tripura,Pecharthal,799263,Jainahampark
tripura,North Tripura,Pecharthal,799263,Janardhan para
tripura,North Tripura,Pecharthal,799263,Jaypur
tripura,North Tripura,Pecharthal,799263,Kalajoy parra
tripura,North Tripura,Pecharthal,799263,Kalanjpy para
tripura,North Tripura,Karaicherra,799263,Karaicherra
tripura,North Tripura,Govidabari,799263,Kukinala
tripura,North Tripura,Pecharthal,799263,Kumuchyapara
tripura,North Tripura,Pecharthal,799263,Lakshmanchhara
tripura,North Tripura,Pecharthal,799263,Laxmi pvr
tripura,North Tripura,Dhanicherra,799263,Laxmipur
tripura,North Tripura,Pecharthal,799263,Nabincharre
tripura,North Tripura,Pecharthal,799263,Shamuk charra para
tripura,North Tripura,Pecharthal,799263,Babanamadhir
tripura,North Tripura,Pecharthal,799263,Dhani charra
tripura,North Tripura,Govidabari,799263,Govindabari
tripura,North Tripura,Pecharthal,799263,Kandra para
tripura,North Tripura,Machmara,799263,machmara
tripura,North Tripura,Nabincherra,799263,Nabinchhara
tripura,North Tripura,Pecharthal,799263,panlegan
tripura,North Tripura,Pecharthal,799263,Pencharthal
tripura,North Tripura,Ugalcherra,799263,Pong cherra
tripura,North Tripura,Pecharthal,799263,Purba parra
tripura,North Tripura,Ramgunapara,799263,Ramguna para
tripura,North Tripura,Pecharthal,799263,Selonala
tripura,North Tripura,Pecharthal,799263,Ughalcharre
tripura,North Tripura,Machmara,799263,Ujan machhmara R.F
tripura,North Tripura,Machmara,799263,Uttar Machmara